tradRes1,tradRes2
18歲,18岁
65塊,65块
QS大學排名,QS大学排名
bobo頭,bobo头
いい加減,いい加减
お弁当（日本語）,お弁当（日本语）
お願い,お愿い
テレビ番組,テレビ番组
一人之下萬人之上,一人之下万人之上
一個,一个
一個人,一个人
一個動成,一个动成
一個坑,一个坑
一別後,一别后
一剎那,一刹那
一問店,一问店
一國兩制,一国两制
一成不變,一成不变
一條,一条
一生一世一雙人,一生一世一双人
一種量詞,一种量词
一葉障目,一叶障目
一讓,一让
一輩子的事業,一辈子的事业
一鏡到底,一镜到底
一陣,一阵
一雙,一双
一顧傾城,一顾倾城
一鳴驚人,一鸣惊人
一點也不好笑,一点也不好笑
一點小心意,一点小心意
丁權,丁权
七彩霓虹燈,七彩霓虹灯
万人塚,万人冢
三三兩兩,三三两两
三個,三个
三個傻瓜,三个傻瓜
三千佳麗,三千佳丽
三國演義,三国演义
三圍,三围
三文魚,三文鱼
三碗不過岡,三碗不过冈
三級跳,三级跳
三維,三维
三維空間,三维空间
三觀,三观
三角體,三角体
三資企業,三资企业
三體,三体
上來,上来
上學,上学
上層,上层
上廁所,上厕所
上癮,上瘾
上級,上级
上網,上网
上訴,上诉
上課,上课
上車,上车
上馬,上马
下地獄,下地狱
下墜,下坠
下層,下层
下屬,下属
下賤,下贱
下載,下载
下體,下体
不一樣,不一样
不仔細,不仔细
不允許,不允许
不切實際,不切实际
不務農事,不务农事
不原諒,不原谅
不可原諒,不可原谅
不吃虧,不吃亏
不同凡響,不同凡响
不同種類,不同种类
不喜歡,不喜欢
不嚴重,不严重
不堪一擊,不堪一击
不夠,不够
不夠說服力,不够说服力
不好說,不好说
不學無術,不学无术
不實,不实
不尋常,不寻常
不常見,不常见
不悅,不悦
不想放棄,不想放弃
不想衝突,不想冲突
不懂大腦,不懂大脑
不擅長,不擅长
不擇手段,不择手段
不敗,不败
不明飛行物,不明飞行物
不會成真,不会成真
不會玩,不会玩
不服氣,不服气
不正確,不正确
不正經,不正经
不求回報,不求回报
不漲,不涨
不畏風雨,不畏风雨
不當,不当
不相往來,不相往来
不知長進,不知长进
不確定,不确定
不確定性,不确定性
不禮貌,不礼貌
不穩定,不稳定
不純,不纯
不純淨,不纯净
不經意,不经意
不緊張,不紧张
不義,不义
不耐煩,不耐烦
不聽他人勸告,不听他人劝告
不能沒有,不能没有
不良習慣,不良习惯
不被踐踏,不被践踏
不複雜,不复杂
不要再講喇,不要再讲喇
不要告訴別人,不要告诉别人
不見,不见
不見了,不见了
不討厭,不讨厌
不認識,不认识
不誠實,不诚实
不講理,不讲理
不識字,不识字
不讀書,不读书
不變,不变
不變動,不变动
不負責任,不负责任
不輕浮不是救生衣,不轻浮不是救生衣
不輕浮不是游泳圈,不轻浮不是游泳圈
不適,不适
不錯,不错
不開心,不开心
不開竅,不开窍
不關心,不关心
不顧世俗,不顾世俗
不高興,不高兴
世界五百強公司,世界五百强公司
世界大戰,世界大战
世界屬於三體,世界属于三体
世界盃,世界杯
世界盡頭,世界尽头
世界第二長河,世界第二长河
世界觀,世界观
丟,丢
丟三落四,丢三落四
丟东西,丢东西
丟丟銅仔,丢丢铜仔
丟失,丢失
丟球,丢球
丟臉,丢脸
並,并
並肩作戰,并肩作战
个別的,个别的
中世紀,中世纪
中印戰爭,中印战争
中國,中国
中國人,中国人
中國叫法,中国叫法
中國在漢唐時期就傲視世界了,中国在汉唐时期就傲视世界了
中國大媽,中国大妈
中國文化,中国文化
中國是再次崛起好嗎,中国是再次崛起好吗
中國經典,中国经典
中國製造,中国制造
中國近代史,中国近代史
中头獎,中头奖
中學生,中学生
中文檢定,中文检定
中東,中东
中獎,中奖
中環,中环
中華文化,中华文化
中華民族,中华民族
中藥,中药
中間,中间
中關村,中关村
串連,串连
丹鳳眼,丹凤眼
主婦,主妇
主權,主权
主義,主义
主觀,主观
主體,主体
么說完,么说完
之後,之后
之詞,之词
乘載物,乘载物
九彎十八拐,九弯十八拐
九點方向,九点方向
九龍,九龙
九龍城寨,九龙城寨
也許,也许
乳頭,乳头
乳齒,乳齿
乾,干
乾旱,干旱
乾洗,干洗
乾淨,干净
乾清宫,干清宫
乾燥,干燥
乾的,干的
乾等,干等
乾草,干草
亂世,乱世
亂世佳人,乱世佳人
亂倫,乱伦
亂搞,乱搞
了無生氣,了无生气
了結,了结
事務員,事务员
事實,事实
事有蹊蹺,事有蹊跷
事業,事业
事業有成,事业有成
二合為一,二合为一
二噁英等化学物质（最近刚看了一篇相关的不知在哪里）,二恶英等化学物质（最近刚看了一篇相关的不知在哪里）
二宮和也,二宫和也
二師兄,二师兄
二師弟,二师弟
二進制,二进制
互動,互动
互愛,互爱
互相傷害,互相伤害
互聯網,互联网
五仁月餅,五仁月饼
五嶽,五岳
五彩斑斕,五彩斑斓
五星級,五星级
五臟六腑,五脏六腑
井井有條,井井有条
井蓋,井盖
些許,些许
亞特蘭蒂斯,亚特兰蒂斯
亞瑟,亚瑟
亞瑪遜,亚玛逊
亢奮,亢奋
交換,交换
交談,交谈
交通規則,交通规则
交遊,交游
交際,交际
交際花,交际花
交響曲,交响曲
交響樂,交响乐
京都寺廟,京都寺庙
亮劍,亮剑
亮燈,亮灯
人 樹,人 树
人參,人参
人口眾多,人口众多
人員,人员
人多口雜,人多口杂
人多手雜,人多手杂
人性考驗,人性考验
人格特質,人格特质
人權宣言,人权宣言
人死後的去處,人死后的去处
人民大會堂,人民大会堂
人民幣,人民币
人為,人为
人無遠慮 必有近憂,人无远虑 必有近忧
人煙稀少,人烟稀少
人物退場,人物退场
人生沒有意義,人生没有意义
人種,人种
人與人,人与人
人販子,人贩子
人較,人较
人間,人间
人際,人际
人際關係,人际关系
人類,人类
人類惡,人类恶
人魚,人鱼
什麼,什么
什麽玩意兒,什么玩意儿
仁義,仁义
介紹,介绍
仔細,仔细
他們,他们
他國,他国
他說,他说
付錢,付钱
仙劍,仙剑
仙鶴,仙鹤
代溝,代沟
代碼,代码
代詞,代词
以德報怨,以德报怨
以愛之名,以爱之名
以為,以为
以牙還牙,以牙还牙
件數,件数
任務,任务
任雲蹤,任云踪
企圖,企图
企業,企业
企鵝,企鹅
伊斯蘭,伊斯兰
休閒,休闲
伴侶,伴侣
伸手不見五指,伸手不见五指
伸縮,伸缩
佈局,布局
低價,低价
低層,低层
低溫,低温
低賤,低贱
低階,低阶
低頭,低头
佔地為王,占地为王
佔有,占有
佛經,佛经
作夢,作梦
作惡多端,作恶多端
作戰,作战
作業,作业
你好嗎,你好吗
你怎麼帥成這樣,你怎么帅成这样
佩短劍的勇士,佩短剑的勇士
佳餚,佳肴
使勁,使劲
使用權,使用权
來,来
來M,来M
來亂的,来乱的
來了,来了
來到,来到
來去自如,来去自如
來回,来回
來得太快,来得太快
來歷,来历
來訪,来访
來過,来过
侍衛,侍卫
供應,供应
供給,供给
依舊,依旧
依賴,依赖
依賴性,依赖性
侷限,局限
便條,便条
便當,便当
便籤,便签
促銷,促销
俄國人,俄国人
俄羅斯,俄罗斯
俗氣,俗气
俚語,俚语
保時捷,保时捷
保溫,保温
保溫壺,保温壶
保濕,保湿
保衛,保卫
保證金,保证金
保護,保护
保險,保险
保養,保养
保養品,保养品
信紙,信纸
修煉,修炼
修補,修补
修車,修车
修養,修养
倉庫,仓库
倉頡,仓颉
個人,个人
個人喜好,个人喜好
個人性格,个人性格
個人成長,个人成长
個人的想法,个人的想法
個人的組合,个人的组合
個人觀感,个人观感
個子,个子
個性,个性
個案,个案
候鳥,候鸟
借貸,借贷
值錢,值钱
假裝,假装
假設,假设
假話,假话
假說,假说
假貨,假货
偉人,伟人
偉大,伟大
偉岸,伟岸
偏愛,偏爱
偏頗,偏颇
做什麼,做什么
做功課,做功课
做夢,做梦
做實驗,做实验
做愛,做爱
做牛做馬,做牛做马
停機德,停机德
停權,停权
停滯,停滞
停車,停车
停車格,停车格
健兒,健儿
健壯,健壮
健壯性,健壮性
健康由於,健康由于
側面,侧面
偵探,侦探
偷工減料,偷工减料
偷懶,偷懒
偷聽,偷听
偽劣,伪劣
偽裝,伪装
偽裝者,伪装者
傑克,杰克
傑出,杰出
傘,伞
備忘錄,备忘录
傢俱,家具
傢具,家具
傲嬌,傲娇
傲慢與偏見,傲慢与偏见
傳人,传人
傳承,传承
傳播,传播
傳真,传真
傳統,传统
傳聞,传闻
傳聲筒,传声筒
傳記,传记
傳說,传说
傳銷,传销
債務,债务
傷,伤
傷亡,伤亡
傷口,伤口
傷害,伤害
傷害性,伤害性
傷心,伤心
傷心了,伤心了
傷心太平洋,伤心太平洋
傷疤,伤疤
傷痕,伤痕
傻的嗎,傻的吗
傾國,倾国
傾聽,倾听
僧侶,僧侣
價值,价值
價值觀,价值观
價值連城,价值连城
價格,价格
價錢,价钱
儀器,仪器
儀式,仪式
儀態,仪态
儀表,仪表
億零八,亿零八
儒學,儒学
償命,偿命
償還,偿还
優,优
優しい,优しい
優しい世界,优しい世界
優勢,优势
優化,优化
優惠,优惠
優惠卷,优惠卷
優格,优格
優秀,优秀
優美,优美
優良,优良
優酪乳,优酪乳
優雅,优雅
優點,优点
儲備,储备
儲存,储存
允許,允许
充實,充实
兇,凶
兇器,凶器
兇惡,凶恶
兇手,凶手
兇案,凶案
兇狠,凶狠
兇猛,凶猛
兇鈴,凶铃
光暈,光晕
光榮,光荣
光澤,光泽
光環,光环
光線,光线
光陰,光阴
光頭,光头
光鮮亮麗,光鲜亮丽
克里斯多扶 諾蘭,克里斯多扶 诺兰
免費,免费
兒女,儿女
兒子,儿子
兒歌,儿歌
兒童,儿童
入場卷,入场卷
入時,入时
入贅,入赘
入門,入门
內,内
內交,内交
內向,内向
內在,内在
內容,内容
內幕,内幕
內心,内心
內心看法,内心看法
內急,内急
內涵,内涵
內環,内环
內科,内科
內臟,内脏
內衣,内衣
內褲,内裤
內部,内部
全壘打,全垒打
全職高手,全职高手
全部野都拿曬,全部野都拿晒
兩人,两人
兩個,两个
兩個人,两个人
兩小無猜,两小无猜
兩百塊,两百块
兩輪,两轮
兩邊,两边
八寶粥,八宝粥
八爪魚,八爪鱼
公共財,公共财
公務員,公务员
公國,公国
公園,公园
公權利,公权利
公眾場所,公众场所
公車,公车
公開,公开
公開中,公开中
公開試,公开试
六塊腹肌,六块腹肌
六隻腳,六只脚
共和黨,共和党
共產主義,共产主义
共產黨宣言,共产党宣言
共用針頭,共用针头
共贏,共赢
共軍,共军
兵工廠,兵工厂
兵長,兵长
兵馬俑,兵马俑
兵馬俑之類的,兵马俑之类的
其樂,其乐
其貌不揚,其貌不扬
典禮,典礼
再見,再见
冒名頂替,冒名顶替
冒煙,冒烟
冒險家,冒险家
冠狀動脈心臟病,冠状动脉心脏病
冰可樂,冰可乐
冰晶玉潔,冰晶玉洁
冰櫃,冰柜
冰涼,冰凉
冰雪奇緣,冰雪奇缘
冶煉鑄造,冶炼铸造
冶鐵,冶铁
冷凍,冷冻
冷卻,冷却
冷戰,冷战
冷氣,冷气
冷門,冷门
冷靜,冷静
冷頸巾,冷颈巾
冷飲,冷饮
凌厲,凌厉
凍,冻
凜然,凛然
凝視,凝视
凡爾賽條約,凡尔赛条约
凶神惡煞,凶神恶煞
出動,出动
出國,出国
出師表,出师表
出發,出发
出眾,出众
出軌,出轨
出遊,出游
出錯,出错
出門,出门
出門去,出门去
出類拔萃,出类拔萃
刀劍,刀剑
刀劍亂舞,刀剑乱舞
刁蠻,刁蛮
分別,分别
分數,分数
分號,分号
分鏡,分镜
分門別類,分门别类
分類,分类
切斷,切断
列車,列车
初戀,初恋
判斷,判断
判決,判决
別々,别々
別れ,别れ
別人,别人
別人家的孩子,别人家的孩子
別離,别离
利比亞,利比亚
利潤,利润
到時,到时
到處,到处
到達,到达
刺熱,刺热
刻苦耐勞,刻苦耐劳
剃鬍,剃胡
剋,克
前一個地球,前一个地球
前所未見,前所未见
前輩,前辈
前進,前进
前頭葉,前头叶
剎那,刹那
剛剛,刚刚
剛好,刚好
剛強,刚强
剛才,刚才
剝削,剥削
副詞,副词
創作,创作
創意,创意
創新,创新
創業,创业
劃傷,划伤
劃分,划分
劃地,划地
劃定,划定
劇場版,剧场版
劈開,劈开
劉,刘
劉亦菲,刘亦菲
劉備,刘备
劉慈欣,刘慈欣
劍,剑
劑,剂
力大無窮,力大无穷
力氣,力气
功勳,功勋
功課,功课
加快行動,加快行动
加深加廣,加深加广
加錢,加钱
劣質,劣质
助聽器,助听器
勇氣,勇气
勉強度日,勉强度日
動,动
動作,动作
動作片,动作片
動力,动力
動漫,动漫
動物,动物
動物農莊,动物农庄
動畫,动画
動聽,动听
動腦,动脑
動腳,动脚
動詞,动词
動身,动身
務實,务实
勝利,胜利
勝訴,胜诉
勝負,胜负
勞動,劳动
勞動力,劳动力
勞心,劳心
勞民傷財,劳民伤财
勞累,劳累
勢利,势利
勢力,势力
勤儉持家,勤俭持家
勤勞,勤劳
勤奮,勤奋
勸奮,劝奋
勸架,劝架
勾心鬥角,勾心斗角
勾結,勾结
包紮,包扎
包裏,包里
包裝,包装
化妝,化妆
化妝品,化妆品
化學,化学
化學物質,化学物质
化學週期表,化学周期表
化工廠,化工厂
北極星,北极星
北極熊,北极熊
北（上面那個打錯字了）,北（上面那个打错字了）
匯報,汇报
匯流,汇流
匯率,汇率
匾額,匾额
區,区
區別,区别
區域,区域
區議會,区议会
十二個,十二个
十五世紀,十五世纪
十環,十环
千山萬水,千山万水
千手觀音,千手观音
千紙鶴,千纸鹤
千鈞一髮,千钧一发
升溫,升温
升級,升级
升降機,升降机
午後,午后
午覺,午觉
午飯,午饭
半輩子,半辈子
卑賤,卑贱
卓爾不凡,卓尔不凡
協作,协作
協商,协商
協約,协约
協調,协调
南京大屠殺,南京大屠杀
南極,南极
南風,南风
博學,博学
博愛,博爱
博物館,博物馆
博識,博识
卡繆,卡缪
卡車,卡车
印尼外勞,印尼外劳
危機,危机
危險,危险
卻,却
厚臉皮,厚脸皮
原子彈,原子弹
原珠筆,原珠笔
厭世,厌世
厭倦,厌倦
厭惡,厌恶
厭棄,厌弃
厭煩,厌烦
厲害,厉害
厲害的,厉害的
去舊迎新,去旧迎新
參加,参加
參照,参照
參與,参与
又一個,又一个
又來,又来
友軍,友军
反反復複,反反复复
反對,反对
反應,反应
反應堆,反应堆
反戰,反战
反敗為勝,反败为胜
反社會,反社会
反社會人格,反社会人格
反覆,反复
反轉,反转
受傷,受伤
受眾人群,受众人群
受難,受难
叛變,叛变
叛軍,叛军
叢林,丛林
口乾,口干
口吐蓮花,口吐莲花
口紅,口红
口號,口号
口語,口语
口頭禪,口头禅
口風琴,口风琴
口齒不清,口齿不清
古代話,古代话
古嚕聲,古噜声
古書,古书
古禮,古礼
古箏,古筝
古舊,古旧
古詩,古诗
古銅色,古铜色
句號,句号
句點,句点
另外一個,另外一个
叨擾,叨扰
只說不做,只说不做
召喚,召唤
可惡,可恶
可愛,可爱
可憐,可怜
可樂,可乐
可達鴨,可达鸭
台東,台东
台灣,台湾
台獨,台独
台語歌,台语歌
右邊,右边
叵測,叵测
司儀,司仪
司機,司机
吃喝玩樂,吃喝玩乐
吃廁所,吃厕所
吃東西,吃东西
吃的粉絲,吃的粉丝
吃綢鱼使我打嗝,吃绸鱼使我打嗝
吃藥,吃药
吃軟飯,吃软饭
吃過飯嗎,吃过饭吗
吃飯,吃饭
吃飯的地方,吃饭的地方
吃驚,吃惊
各付各賬,各付各账
各種口味,各种口味
合併,合并
合唱團,合唱团
合的來,合的来
合約,合约
合適,合适
吊帶,吊带
同儕,同侪
同學,同学
同性戀,同性恋
同棲,同栖
同樣,同样
名畫,名画
名聲,名声
名號,名号
名貴,名贵
吐氣如蘭,吐气如兰
向上生長,向上生长
向後,向后
吝嗇,吝啬
吧檯,吧台
含義,含义
吳承恩,吴承恩
吴克羣,吴克群
吵雜,吵杂
吵鬧,吵闹
吶,呐
吶喊,呐喊
吸煙,吸烟
吸菸區,吸烟区
吸貓,吸猫
呂布,吕布
呈堂證供,呈堂证供
呈穩,呈稳
告狀,告状
告訴,告诉
周杰倫,周杰伦
周轉,周转
周邊,周边
味千拉麵,味千拉面
呼喚,呼唤
命辯,命辩
命運,命运
命運交響曲,命运交响曲
和藹,和蔼
和諧,和谐
咒罵,咒骂
咒語,咒语
咕嚕肉,咕噜肉
咖啡廳,咖啡厅
咧開,咧开
哀傷,哀伤
品嚐,品尝
品質,品质
哆拉A夢,哆拉A梦
哈囉,哈啰
哎喲,哎哟
員外,员外
員工,员工
哪個,哪个
哪兒,哪儿
哲學,哲学
哲學家,哲学家
哲彥,哲彦
哺乳動物,哺乳动物
哺乳類動物,哺乳类动物
唉聲嘆氣,唉声叹气
唐氏綜合症,唐氏综合症
唐詩,唐诗
唐頓莊園,唐顿庄园
唬爛,唬烂
唱片機,唱片机
唸書,念书
商業,商业
商業精英,商业精英
商標,商标
商討,商讨
問句,问句
問號,问号
問題,问题
啞,哑
啞巴,哑巴
啟動,启动
啼鳴,啼鸣
善惡,善恶
善變的,善变的
喘不過氣,喘不过气
喜悅,喜悦
喜慶,喜庆
喜極而泣,喜极而泣
喜樂,喜乐
喜歡,喜欢
喜瑪拉雅山,喜玛拉雅山
喜馬拉雅山,喜马拉雅山
喝得太兇,喝得太凶
喧嘩,喧哗
喧嘩する,喧哗する
喧囂,喧嚣
喧鬧,喧闹
喪偶,丧偶
單人,单人
單位,单位
單向,单向
單方面,单方面
單機,单机
單相思,单相思
單純,单纯
單調,单调
單身,单身
單車,单车
嗅覺,嗅觉
嗲聲嗲氣,嗲声嗲气
嗶嗶,哔哔
嘆氣,叹气
嘈鬧,嘈闹
嘉獎,嘉奖
嘔吐,呕吐
嘔吐人,呕吐人
嘗試,尝试
嘲諷,嘲讽
嘴腦,嘴脑
嘶啞,嘶哑
噁心,恶心
噓,嘘
器官買賣,器官买卖
噩夢,噩梦
噪聲,噪声
噴口水,喷口水
噴泉,喷泉
嚇一跳,吓一跳
嚇人,吓人
嚴厲,严厉
嚴實,严实
嚴整,严整
嚴肅,严肃
嚴謹,严谨
囂張,嚣张
四度空間,四度空间
四書五經,四书五经
四腳爬爬,四脚爬爬
四處亂跑,四处乱跑
四邊形,四边形
回來,回来
回報,回报
回心轉意,回心转意
回憶,回忆
回文詩,回文诗
回歸,回归
回籠,回笼
回贈,回赠
回車鍵,回车键
回鄉,回乡
回頭,回头
回饋,回馈
因為,因为
困難,困难
困難度,困难度
困頓,困顿
固執,固执
固體,固体
圈挾,圈挟
國中二年級,国中二年级
國事,国事
國債,国债
國外,国外
國字,国字
國家,国家
國家寶藏,国家宝藏
國慶,国庆
國旗,国旗
國歌,国歌
國民,国民
國民福利,国民福利
國泰民安,国泰民安
國王,国王
國界,国界
國畫,国画
國粹,国粹
國色,国色
國語,国语
國道,国道
國際,国际
國際法,国际法
國際貿易,国际贸易
圍堵,围堵
圍巾,围巾
圍牆,围墙
圍裙,围裙
園藝,园艺
圓,圆
圓圈,圆圈
圓形,圆形
圓柱,圆柱
圓滑,圆滑
圓的,圆的
圓舞曲,圆舞曲
圓通,圆通
圖像,图像
圖形,图形
圖書委員,图书委员
圖書館,图书馆
圖片,图片
圖畫,图画
圖釘,图钉
團,团
團兵,团兵
團圓,团圆
團建,团建
團結,团结
團聚,团聚
團長,团长
團隊,团队
團體,团体
土雞,土鸡
土黃色,土黄色
在人間,在人间
在地上翻滾,在地上翻滚
在說我嗎,在说我吗
在這停頓,在这停顿
地下開採,地下开采
地價,地价
地區,地区
地圖,地图
地基不穩,地基不稳
地平線,地平线
地溝油,地沟油
地獄,地狱
地球只有一個,地球只有一个
地球毀滅,地球毁灭
地盤,地盘
地鐵,地铁
地震儀,地震仪
地震帶,地震带
地頭蛇,地头蛇
地點,地点
均質機,均质机
坐墊,坐垫
坐看雲起時,坐看云起时
坐車坐好久,坐车坐好久
坦白從寬,坦白从宽
垂頭,垂头
型號,型号
埃及艷后,埃及艳后
城牆,城墙
城鄉,城乡
城鄉結合部,城乡结合部
執政,执政
培養,培养
基層,基层
基礎,基础
堅固,坚固
堅定,坚定
堅強,坚强
堅持,坚持
堅硬,坚硬
堆積,堆积
堪憐,堪怜
堯舜,尧舜
報告,报告
報復,报复
報答,报答
報紙,报纸
報關,报关
場,场
場合(ばあい),场合(ばあい)
場地,场地
場所,场所
堵車,堵车
塊,块
塑膠,塑胶
塑膠袋,塑胶袋
塗改帶,涂改带
塗醒哲,涂醒哲
塚不二,冢不二
塞翁失馬,塞翁失马
塞車,塞车
填充烤雞,填充烤鸡
填滿,填满
填補,填补
填詞,填词
塵,尘
塵土,尘土
塵埃,尘埃
墊底,垫底
墨鏡,墨镜
墳墓,坟墓
壓,压
壓住,压住
壓制,压制
壓力,压力
壓抑,压抑
壓縮,压缩
壓迫,压迫
壘,垒
壞,坏
壞事,坏事
壞人,坏人
壞壞,坏坏
壞掉了,坏掉了
壞的,坏的
壞皇后,坏皇后
壞習慣,坏习惯
壞話,坏话
士兵  仇恨 善惡,士兵  仇恨 善恶
士氣,士气
壯闊,壮阔
壯麗,壮丽
壽司,寿司
壽衣,寿衣
夏洛克福爾摩斯,夏洛克福尔摩斯
夕陽,夕阳
外匯,外汇
外匯投資,外汇投资
外國,外国
外國人,外国人
外國明星,外国明星
外語,外语
多媒體室,多媒体室
多數,多数
多樣,多样
多樣性,多样性
夜壺,夜壶
夢,梦
夢境,梦境
夢寐以求,梦寐以求
夢幻,梦幻
夢想,梦想
夢想成真,梦想成真
大作戰,大作战
大勢,大势
大問號,大问号
大國,大国
大國崛起,大国崛起
大姨媽,大姨妈
大媽,大妈
大學,大学
大學數學,大学数学
大學生,大学生
大學站,大学站
大家閨秀,大家闺秀
大小適中,大小适中
大島優子,大岛优子
大師,大师
大師傅,大师傅
大廈,大厦
大廚,大厨
大戰,大战
大樂,大乐
大樓,大楼
大樹,大树
大氣,大气
大無畏,大无畏
大盜,大盗
大眾,大众
大眾的,大众的
大眾點評,大众点评
大綱,大纲
大綱提要,大纲提要
大義,大义
大聲,大声
大聲說話,大声说话
大腳,大脚
大腸麵線,大肠面线
大臉,大脸
大舊飯,大旧饭
大航海時代,大航海时代
大衛,大卫
大逃殺,大逃杀
大陸,大陆
大陸人,大陆人
大陸地名,大陆地名
大陽臉罩,大阳脸罩
大隻仔,大只仔
大集團,大集团
大風,大风
大餅,大饼
大餅(硬幣),大饼(硬币)
大體觀,大体观
天安門,天安门
天擇,天择
天敵,天敌
天氣,天气
天氣昏暗,天气昏暗
天災,天灾
天線,天线
天蓬元帥,天蓬元帅
天賜,天赐
天賦,天赋
天高鳥飛,天高鸟飞
太監,太监
太陰地道,太阴地道
太陽,太阳
太陽系,太阳系
太陽能,太阳能
太陽能熱水器,太阳能热水器
太麻煩,太麻烦
失去主要標的,失去主要标的
失心瘋,失心疯
失憶,失忆
失戀,失恋
失敗,失败
失業,失业
失準,失准
失禮,失礼
失約,失约
失調,失调
失蹤,失踪
失靈,失灵
奇異,奇异
奇緣,奇缘
奇跡,奇迹
奇跡暖暖,奇迹暖暖
奇蹟,奇迹
奈何橋,奈何桥
奈須,奈须
契約,契约
奧客,奥客
奧秒,奥秒
奧運,奥运
奪去,夺去
奬品,奖品
奮鬥,奋斗
女兒,女儿
女兒節,女儿节
女媧,女娲
女強人,女强人
女權,女权
女演員,女演员
她有東西,她有东西
好久不見,好久不见
好傷心,好伤心
好厲害,好厉害
好天氣,好天气
好學生,好学生
好憂傷,好忧伤
好東西,好东西
好睏,好困
好種,好种
好萊塢,好莱坞
好複雜,好复杂
好運,好运
好飲,好饮
好麻煩,好麻烦
如福州的天氣,如福州的天气
如若木雞,如若木鸡
妖艷賤貨,妖艳贱货
妖鏡,妖镜
妝容,妆容
妥協,妥协
始終,始终
姐們,姐们
姑蘇藍氏,姑苏蓝氏
委員,委员
姨媽,姨妈
姿勢,姿势
娛樂,娱乐
娛樂圈,娱乐圈
婆羅門,婆罗门
婚禮,婚礼
婚紗,婚纱
婦女,妇女
媒體,媒体
媳婦,媳妇
媽,妈
媽媽,妈妈
媽祖,妈祖
嫌惡,嫌恶
嫻熟,娴熟
嬤嬤,嬷嬷
嬰兒,婴儿
嬲鳩,嬲鸠
孃孃,娘娘
子不語,子不语
子孫,子孙
子宮,子宫
子彈,子弹
子時,子时
子泣爺爺,子泣爷爷
子虛烏有,子虚乌有
孔子學院,孔子学院
孔融讓梨,孔融让梨
孕婦,孕妇
字條,字条
字裡人間,字里人间
存錢,存钱
孟德爾遺傳定律,孟德尔遗传定律
孤兒,孤儿
孤兒院,孤儿院
孤單,孤单
孤星淚,孤星泪
孤獨,孤独
孫,孙
孫中山,孙中山
孫子兵法,孙子兵法
孫悟空,孙悟空
學,学
學問,学问
學士,学士
學士帽,学士帽
學姊,学姊
學弟,学弟
學校,学校
學校獎勵,学校奖励
學業,学业
學歷,学历
學海如涯,学海如涯
學測,学测
學生,学生
學科,学科
學習,学习
學者,学者
學術,学术
學說,学说
學長,学长
學霸,学霸
宇宙射綫,宇宙射线
守望先鋒,守望先锋
守舊,守旧
守衛,守卫
守護,守护
安撫,安抚
安眠藥,安眠药
安祿山,安禄山
安穩,安稳
安裝,安装
安詳,安详
安靜,安静
完形崩壞,完形崩坏
完成拼圖,完成拼图
完璧歸趙,完璧归赵
完結,完结
宏偉,宏伟
宏觀,宏观
宏達,宏达
官員,官员
官話,官话
定岡光圀（电视剧角色）,定冈光圀（电视剧角色）
定義,定义
宝塚,宝冢
宝塚歌剧团,宝冢歌剧团
客戶端,客户端
客氣,客气
客觀,客观
客語,客语
客運,客运
宣佈,宣布
宣傳,宣传
宣戰,宣战
宣紙,宣纸
室內,室内
宮崎駿,宫崎骏
宮殿,宫殿
害人不淺,害人不浅
害死貓,害死猫
宴會,宴会
家務,家务
家園,家园
家庭觀眾,家庭观众
家裡經常不夠用,家里经常不够用
家裡親戚,家里亲戚
家鄉,家乡
家長,家长
容納,容纳
宿題,宿题
密不透風,密不透风
密碼,密码
密集恐懼,密集恐惧
密集恐懼症,密集恐惧症
富蘭克林,富兰克林
寢具,寝具
寢室,寝室
寢宮,寝宫
寥寥無幾,寥寥无几
實力,实力
實在,实在
實現,实现
實踐,实践
實際,实际
實際行動,实际行动
實驗,实验
實驗室,实验室
寧缺勿濫,宁缺勿滥
寧靜,宁静
審美,审美
寫作,写作
寫作手法,写作手法
寫作業,写作业
寫報告,写报告
寫字,写字
寫真,写真
寬容,宽容
寬廣,宽广
寬恕,宽恕
寬闊,宽阔
寵愛,宠爱
寵物,宠物
寵物小精靈,宠物小精灵
寶寶,宝宝
寶物,宝物
寶蓮燈,宝莲灯
寶藏,宝藏
寶貝,宝贝
寺廟,寺庙
封閉,封闭
射燈,射灯
将傾,将倾
將來,将来
將功補過,将功补过
將相,将相
將軍,将军
專業,专业
專業人士,专业人士
專權,专权
專注,专注
專長,专长
尊榮,尊荣
尊老愛幼,尊老爱幼
尋,寻
尋找,寻找
尋求,寻求
尋狗啟示,寻狗启示
尋覓,寻觅
對,对
對不起,对不起
對勾,对勾
對對,对对
對戰,对战
對手,对手
對抗,对抗
對方,对方
對望,对望
對比,对比
對流層,对流层
對照實驗,对照实验
對砍賽,对砍赛
對稱,对称
對立,对立
對話,对话
對話錄,对话录
對象,对象
對錯,对错
對陣,对阵
對面,对面
導彈,导弹
導演,导演
導火線,导火线
小仲馬,小仲马
小兒麻痺,小儿麻痺
小分隊,小分队
小動作,小动作
小動物,小动物
小叮噹,小叮当
小吃攤,小吃摊
小學,小学
小學生,小学生
小廣告,小广告
小強,小强
小怪獸,小怪兽
小房間,小房间
小時候,小时候
小樹苗,小树苗
小橋,小桥
小氣,小气
小測,小测
小爺,小爷
小白領,小白领
小籠,小笼
小紅花,小红花
小組,小组
小組討論,小组讨论
小說,小说
小說 美 舊,小说 美 旧
小費,小费
小資,小资
小鎮,小镇
小隊,小队
小飛俠,小飞侠
小馬,小马
小駒子,小驹子
小鬍子,小胡子
小鮮肉,小鲜肉
小鳥,小鸟
小鳥依人,小鸟依人
小麥,小麦
小黃文,小黄文
少數,少数
少數民族,少数民族
少數派報告,少数派报告
少見,少见
尖的立體,尖的立体
尖聲,尖声
尖葉,尖叶
就決定是你了,就决定是你了
尷尬,尴尬
局長,局长
屋頂,屋顶
屍体,尸体
屍體,尸体
屏氣凝神,屏气凝神
展覽館,展览馆
屠殺,屠杀
層級,层级
屬實,属实
屬性,属性
山區,山区
山峽,山峡
山嶺,山岭
山水畫,山水画
山海經,山海经
山窮水盡,山穷水尽
山脈,山脉
山莊,山庄
山裡,山里
山賊,山贼
山頂,山顶
岩漿,岩浆
岳飛,岳飞
岸部眞明,岸部真明
峰迴路轉,峰回路转
島,岛
峽谷,峡谷
崩潰,崩溃
嵐,岚
巡視,巡视
巡遊,巡游
工作人員,工作人员
工作範圍,工作范围
工廠,工厂
工時,工时
工業,工业
工業革命,工业革命
工藝,工艺
工資,工资
左邊,左边
巨劍,巨剑
巨頭,巨头
巫師,巫师
差異,差异
市場,市场
市長,市长
布魯斯,布鲁斯
希臘,希腊
帥,帅
帥哥,帅哥
帥氣,帅气
帥袍,帅袍
師傅,师傅
師兄,师兄
師哥,师哥
師父,师父
師表,师表
師長,师长
帳篷,帐篷
帳號,帐号
帶,带
帶子,带子
帶眼鏡的老爺爺,带眼镜的老爷爷
常樂,常乐
常用語,常用语
常見,常见
常識,常识
幫,帮
幫倒忙,帮倒忙
幫助,帮助
幫忙,帮忙
幫派,帮派
平權,平权
平流層,平流层
平穩,平稳
平行線,平行线
平靜,平静
年少輕狂,年少轻狂
年曆,年历
年紀,年纪
年華,年华
年輕,年轻
年輕人,年轻人
年輪,年轮
年長,年长
年長者,年长者
年齡,年龄
年齡層,年龄层
幸災樂禍,幸灾乐祸
幸運,幸运
幹,干
幹哈,干哈
幹啥,干啥
幹嘛,干嘛
幹部,干部
幻燈片,幻灯片
幻覺,幻觉
幼兒,幼儿
幼稚園,幼稚园
幽靈,幽灵
幽默大師,幽默大师
幾,几
幾何,几何
幾何图形,几何图形
幾何圖形,几何图形
幾錢,几钱
床墊,床垫
床頭,床头
底線,底线
庫存,库存
廁所,厕所
廁紙,厕纸
廉潔,廉洁
廚房,厨房
廟,庙
廢棄,废弃
廢棄物,废弃物
廢物,废物
廢紙,废纸
廢電池,废电池
廣,广
廣告,广告
廣埸,广埸
廣場,广场
廣島,广岛
廣州,广州
廣州四中,广州四中
廣播,广播
廣東,广东
廣泛,广泛
廣袤,广袤
廣西,广西
廣闊,广阔
廳,厅
延誤,延误
建構,建构
建築,建筑
建築物,建筑物
建設,建设
建設性,建设性
弓長張,弓长张
弟婦,弟妇
弟子規,弟子规
张钧甯,张钧宁
弱勢,弱势
弱雞,弱鸡
弱點,弱点
張,张
張召忠,张召忠
張國榮,张国荣
張國立,张国立
張大嘴,张大嘴
張宇,张宇
張寶仔,张宝仔
張惠妹,张惠妹
張愛玲,张爱玲
張良,张良
張謙,张谦
張貼,张贴
強,强
強人,强人
強勢,强势
強壯,强壮
強大,强大
強奸,强奸
強姦,强奸
強度不夠,强度不够
強悍,强悍
強權,强权
強烈,强烈
強盜,强盗
強者,强者
強身健體,强身健体
強迫,强迫
強迫症,强迫症
彈珠,弹珠
彈盡糧絕,弹尽粮绝
彌天大錯,弥天大错
彎,弯
彎曲,弯曲
彎曲的鉤子,弯曲的钩子
彎的,弯的
彎腰,弯腰
彎路,弯路
彙整,汇整
形容詞,形容词
形狀,形状
彩券(日文相關),彩券(日文相关)
彭于晏的手機廣告,彭于晏的手机广告
影視大佬,影视大佬
影響,影响
往來,往来
往復,往复
很勞累,很劳累
很厲害,很厉害
很多車,很多车
很大聲,很大声
很慘,很惨
很擠,很挤
很有錢,很有钱
很窮,很穷
很貴,很贵
很輕,很轻
很難,很难
很飽,很饱
很餓,很饿
很髒,很脏
律師,律师
後,后
後天,后天
後悔,后悔
後果,后果
後母,后母
後記,后记
後退,后退
後面,后面
徒勞,徒劳
得來速,得来速
得獎,得奖
得當,得当
從前,从前
從長計議,从长计议
御下之術,御下之术
復仇,复仇
復古,复古
循序漸進,循序渐进
循環,循环
循規蹈矩,循规蹈矩
微微一笑很傾城,微微一笑很倾城
微觀,微观
微風,微风
徵兆,征兆
德國,德国
德國人,德国人
德律風,德律风
德語,德语
心態,心态
心慌意亂,心慌意乱
心智圖,心智图
心機,心机
心煩,心烦
心理學,心理学
心理戰,心理战
心生不滿,心生不满
心神不寧,心神不宁
心細,心细
心結,心结
心緒不寧,心绪不宁
心聲,心声
心臟,心脏
心臟病,心脏病
心靈,心灵
心靈圖景,心灵图景
心靈寄託,心灵寄托
必要還是想要,必要还是想要
必須,必须
必須的,必须的
必須要做,必须要做
志願,志愿
忘記,忘记
忘記帶,忘记带
忠誠,忠诚
快時尚,快时尚
快樂,快乐
快煮壺,快煮壶
快遞,快递
念慈菴,念慈庵
念慈菴枇杷膏,念慈庵枇杷膏
念書,念书
忽視,忽视
怎樣,怎样
怎樣都好,怎样都好
怎麼了,怎么了
怒髮衝冠,怒发冲冠
思想危險,思想危险
思想簡單,思想简单
思想靈活,思想灵活
思維,思维
思維固定,思维固定
思緒,思绪
性別,性别
性慾,性欲
性質,性质
怨懟,怨怼
怪獸,怪兽
怪獸公司,怪兽公司
怪異,怪异
恆久,恒久
恐嚇,恐吓
恐怖襲擊,恐怖袭击
恐懼,恐惧
恐龍,恐龙
悅耳,悦耳
悔不當初,悔不当初
悔過書,悔过书
悠遊,悠游
悠遠,悠远
悠長,悠长
悠閒,悠闲
悲傷,悲伤
悲劇,悲剧
悲慘世界,悲惨世界
悲觀,悲观
悶,闷
情人節,情人节
情侶,情侣
情報來源,情报来源
情懷,情怀
情況,情况
情深深雨濛濛,情深深雨蒙蒙
情節,情节
情緒,情绪
惡,恶
惡之華,恶之华
惡人,恶人
惡作劇之吻,恶作剧之吻
惡夢,恶梦
惡心,恶心
惡意,恶意
惡梦,恶梦
惡毒,恶毒
惡魔,恶魔
惡魔來臨,恶魔来临
惡龍,恶龙
想什麼,想什么
想睡覺,想睡觉
想飛的鋼琴少年,想飞的钢琴少年
愁眉苦臉,愁眉苦脸
愉悅,愉悦
意圖,意图
意氣,意气
意義,意义
意義不明,意义不明
意見,意见
意識,意识
意願,意愿
愛,爱
愛人,爱人
愛他,爱他
愛你,爱你
愛侶,爱侣
愛國,爱国
愛好,爱好
愛心,爱心
愛情,爱情
愛意,爱意
愛慕心,爱慕心
愛戀,爱恋
愛才,爱才
愛护,爱护
愛撫,爱抚
愛物,爱物
愛痕,爱痕
愛蓮說,爱莲说
愛麗絲,爱丽丝
感動,感动
感叹詞,感叹词
感嘆,感叹
感歎號,感叹号
感覺,感觉
感謝,感谢
慈悲為懷,慈悲为怀
態度,态度
慌亂,慌乱
慌張,慌张
慌慌張張,慌慌张张
慕強,慕强
慘,惨
慘叫,惨叫
慢點,慢点
慶典,庆典
慶祝,庆祝
慾,欲
慾望,欲望
憂傷,忧伤
憂慮,忧虑
憂鬱,忧郁
憑什麼,凭什么
憤怒,愤怒
憤恨,愤恨
憲法,宪法
應付,应付
應對,应对
應援,应援
應有,应有
應許,应许
應該,应该
應酬,应酬
懊惱,懊恼
懲罰,惩罚
懶,懒
懶床,懒床
懶惰,懒惰
懷孕,怀孕
懷念,怀念
懷抱,怀抱
懷疑,怀疑
懷錶,怀表
懸,悬
懸崖,悬崖
懸梁刺股,悬梁刺股
懸浮,悬浮
懸索,悬索
懼高,惧高
戀,恋
戀人,恋人
戀情,恋情
戀愛,恋爱
戀色,恋色
成功失敗,成功失败
成員,成员
成對成雙,成对成双
成敗,成败
成瀨領,成濑领
成績,成绩
成語,成语
成長,成长
成龍,成龙
我們,我们
我可沒在怕的,我可没在怕的
我同學,我同学
我囉,我啰
我國,我国
我是一隻小小小小鳥,我是一只小小小小鸟
我有一個提案,我有一个提案
我沒有,我没有
我的常態(=_=),我的常态(=_=)
或許,或许
战爭,战争
戰役,战役
戰死,战死
戰火,战火
戰爭,战争
戰爭密碼,战争密码
戰爭怒吼,战争怒吼
戰鬥,战斗
戲劇,戏剧
戶內,户内
戶口,户口
房東,房东
房產,房产
房間,房间
所羅門,所罗门
扁擔,扁担
扁鵲,扁鹊
扇貝,扇贝
手冊,手册
手工藝,手工艺
手工製作,手工制作
手忙腳亂,手忙脚乱
手指關節,手指关节
手指頭,手指头
手槍,手枪
手機,手机
手環,手环
手紙,手纸
手腳,手脚
手藝,手艺
手術,手术
手術窒,手术窒
手遊,手游
手銬,手铐
手錶,手表
手電筒,手电筒
才學,才学
才華,才华
打印機,打印机
打太大聲,打太大声
打掃,打扫
打掉門牙和血吞,打掉门牙和血吞
打擊,打击
打斷,打断
打樁,打桩
打機,打机
打火機,打火机
打發,打发
打誰,打谁
打貪,打贪
打針,打针
打開,打开
打雜,打杂
打電動,打电动
打魚,打鱼
扔東西,扔东西
扣鈕,扣钮
扶手電梯,扶手电梯
批評,批评
批鬥,批斗
找尋,找寻
找麻煩,找麻烦
承認,承认
承諾,承诺
技師,技师
技術,技术
抄襲,抄袭
抑制劑,抑制剂
抑鬱,抑郁
抑鬱症,抑郁症
投影機,投影机
投擲,投掷
投標,投标
投籃,投篮
投資,投资
抗壓力,抗压力
抗戰,抗战
抗議,抗议
折疊傘,折叠伞
折紙,折纸
折線,折线
抬頭,抬头
抹香鯨,抹香鲸
押韻,押韵
抽菸,抽烟
抽離,抽离
抽風,抽风
拉拉隊,拉拉队
拉繩,拉绳
拉鍊,拉链
拉麵,拉面
拍攝,拍摄
拐帶少女,拐带少女
拒絕,拒绝
拒絕22K,拒绝22K
拓樸學第一課,拓朴学第一课
拔牙齒,拔牙齿
拔蘿蔔,拔萝卜
拖拉機,拖拉机
拖羅,拖罗
拘謹,拘谨
招標,招标
拜託,拜托
拱橋,拱桥
拳擊,拳击
拳擊手,拳击手
拳頭,拳头
拷貝,拷贝
拼貼,拼贴
持續,持续
指北針,指北针
指南針,指南针
指導,指导
指揮,指挥
指揮官,指挥官
指揮棒,指挥棒
指桑罵槐,指桑骂槐
指責,指责
按鈴,按铃
挑戰,挑战
挑燈夜讀,挑灯夜读
挑選,挑选
挑釁,挑衅
挖墳,挖坟
挖寶,挖宝
挫敗,挫败
挺過去,挺过去
捆綁,捆绑
捉蟬,捉蝉
捐贈,捐赠
捕獵,捕猎
捕蠅草,捕蝇草
捕魚,捕鱼
捱过,挨过
捷運,捷运
掃地,扫地
掃地僧,扫地僧
掃把,扫把
掃描,扫描
掃除,扫除
授課,授课
掉頭,掉头
掌聲,掌声
排擠,排挤
排水系統,排水系统
排練,排练
排長,排长
排隊,排队
掙脫,挣脱
掙錢,挣钱
掛念,挂念
掛羊頭賣狗肉,挂羊头卖狗肉
掛鈎,挂钩
掠奪,掠夺
採集,采集
探尋,探寻
探視,探视
探詢,探询
探險,探险
探險樂園,探险乐园
接下來的工作,接下来的工作
接機,接机
接納,接纳
接觸,接触
控場,控场
推卻,推却
推廣,推广
描寫,描写
提不起勁,提不起劲
提問,提问
插畫,插画
插畫家,插画家
插畫軟體,插画软体
插話,插话
插頭,插头
揚帆,扬帆
揚招,扬招
揣測,揣测
揭曉,揭晓
揮別,挥别
揮手,挥手
揮拍,挥拍
揸緊,揸紧
損,损
損壞,损坏
損害,损害
搖擺,摇摆
搖晃,摇晃
搖滾,摇滚
搖籃,摇篮
搖頭,摇头
搗乱,捣乱
搗蛋,捣蛋
搜尋,搜寻
搞動,搞动
搬磚,搬砖
搭車,搭车
搶,抢
搶劫,抢劫
搶奪,抢夺
搶手,抢手
搶紅包,抢红包
搶走,抢走
摔傷,摔伤
摩天大樓,摩天大楼
摩天輪,摩天轮
摩斯密碼,摩斯密码
摺紙,折纸
撒幣,撒币
撒謊,撒谎
撞擊,撞击
撫平,抚平
撫心自問,抚心自问
撫摸,抚摸
撫育,抚育
撲克牌,扑克牌
撲滅,扑灭
撿東西,捡东西
撿漏,捡漏
擁抱,拥抱
擁有,拥有
擄人,掳人
擊球,击球
操勞,操劳
操場,操场
擔心,担心
擠,挤
擠人,挤人
擠出,挤出
擠逼,挤逼
擦手紙,擦手纸
擦肩而過,擦肩而过
擦膠,擦胶
擦身而過,擦身而过
擬人,拟人
擰的快,拧的快
擱,搁
擱置,搁置
擴散,扩散
擴闊,扩阔
擺,摆
擺架子,摆架子
擺設,摆设
擺酒,摆酒
擾亂,扰乱
擾人,扰人
擾民,扰民
攝影,摄影
攝影機,摄影机
攪拌,搅拌
攪渾,搅浑
支撐,支撑
支離,支离
收穫,收获
收費站,收费站
改變,改变
改進,改进
改過向上,改过向上
攻擊,攻击
攻擊武器,攻击武器
放不開,放不开
放大鏡,放大镜
放學,放学
放棄,放弃
放棄自我,放弃自我
放縱,放纵
放鬆,放松
放鴿子,放鸽子
政大之聲,政大之声
政權,政权
政治課,政治课
政界候選人,政界候选人
效應,效应
救國團,救国团
救護車,救护车
救贖,救赎
敗訴,败诉
敗類,败类
教參,教参
教學,教学
教導,教导
教師,教师
教書,教书
教會,教会
教練,教练
教練我想打球,教练我想打球
教訓,教训
教養,教养
整個,整个
整潔,整洁
整理整頓,整理整顿
整齊,整齐
敵人,敌人
敵對,敌对
數,数
數字,数字
數學,数学
數據,数据
數數,数数
數錢,数钱
文件夾,文件夹
文學,文学
文學標竿,文学标竿
文檔,文档
文獻,文献
文筆,文笔
文職,文职
文藝,文艺
文質彬彬,文质彬彬
文靜,文静
斑紋,斑纹
斑馬,斑马
斑點,斑点
斬獲,斩获
斬草除根,斩草除根
新媒體,新媒体
新季節,新季节
新手機,新手机
新潛能,新潜能
新聞,新闻
新聞報道,新闻报道
新聞聯播停播,新闻联播停播
新興能源,新兴能源
新詞,新词
新車,新车
新鮮,新鲜
斷,断
斷了,断了
斷垣殘壁,断垣残壁
斷定,断定
斷線,断线
斷續,断续
斷肢,断肢
方塊,方块
方言好聽,方言好听
方鴻漸,方鸿渐
旁觀,旁观
旅遊,旅游
旅館,旅馆
旋轉,旋转
旋轉木馬,旋转木马
旗幟,旗帜
无限大の梦（？？…然后查了一下发现是无限大な梦の後の）,无限大の梦（？？…然后查了一下发现是无限大な梦の后の）
日劇,日剧
日報,日报
日夜顛倒,日夜颠倒
日曆,日历
日本動畫,日本动画
日本賣大米味精的廣告,日本卖大米味精的广告
日記,日记
日語,日语
日语無理,日语无理
日貨,日货
昂貴,昂贵
昂貴的東西,昂贵的东西
昆蟲,昆虫
明報,明报
明治維新,明治维新
明瞭,明了
明確,明确
明顯,明显
星辰變,星辰变
春眠不覺曉,春眠不觉晓
春節,春节
春風,春风
春風吹又生,春风吹又生
春風拂面,春风拂面
是什麼,是什么
是誰？,是谁？
時代,时代
時代廣場,时代广场
時光,时光
時光飛逝,时光飞逝
時尚,时尚
時差,时差
時態,时态
時機,时机
時空,时空
時計,时计
時間,时间
時間倒退,时间倒退
時間儀,时间仪
時間軸,时间轴
晉升,晋升
晝日,昼日
晶瑩,晶莹
暈,晕
暈船,晕船
暖氣,暖气
暖爐,暖炉
暖黃,暖黄
暗瘡,暗疮
暗處,暗处
暪騙,暪骗
暫且,暂且
暫停一下,暂停一下
暴亂,暴乱
暴風,暴风
暴風雨,暴风雨
曖昧,暧昧
曬,晒
曬太陽,晒太阳
曬衣架,晒衣架
曬黑,晒黑
書,书
書信,书信
書冊,书册
書包,书包
書寫,书写
書本,书本
書桌,书桌
書法,书法
書生,书生
書簡,书简
書記,书记
書記官,书记官
書香,书香
曾厝垵,曾厝埯
曾經,曾经
替換,替换
最綺,最绮
會,会
會不會,会不会
會員,会员
會心一笑,会心一笑
會有的,会有的
會計,会计
會議,会议
會面,会面
會飛的小昆虫,会飞的小昆虫
月曆,月历
月經,月经
月落烏啼霜滿天,月落乌啼霜满天
月蝕,月蚀
月餅,月饼
有價值的,有价值的
有別,有别
有原則,有原则
有問題,有问题
有嗎,有吗
有學問的,有学问的
有機,有机
有氣飲品,有气饮品
有沒有,有没有
有為,有为
有營養,有营养
有特發情況,有特发情况
有理有據,有理有据
有禮貌,有礼貌
有絲分裂,有丝分裂
有緣人,有缘人
有遠見,有远见
有錢,有钱
有錢人,有钱人
有關,有关
有魚,有鱼
朋友以上戀人未滿,朋友以上恋人未满
朋友綽號,朋友绰号
朋輩,朋辈
服務,服务
服務者,服务者
服從,服从
服裝,服装
服飾,服饰
朗讀,朗读
望遠鏡,望远镜
朝核問題,朝核问题
朝氣,朝气
期間,期间
朦朧,朦胧
木製,木制
木頭,木头
木馬屠城記,木马屠城记
未來,未来
本來,本来
本宮,本宫
本質,本质
本錢,本钱
本領,本领
李樹,李树
杏樹,杏树
材質,材质
村莊,村庄
束手無策,束手无策
杯觥交錯,杯觥交错
東,东
東京灣,东京湾
東北,东北
東南,东南
東南亞,东南亚
東南西北,东南西北
東方,东方
東方紅,东方红
東西,东西
杳無人煙,杳无人烟
枕頭,枕头
林則徐,林则徐
林園,林园
林寶堅尼,林宝坚尼
果凍,果冻
果實,果实
果斷,果断
果醬,果酱
枯樹,枯树
枯黃,枯黄
架構,架构
枷鎖,枷锁
某一天能與你相遇,某一天能与你相遇
染劑,染剂
染髮,染发
柔軟,柔软
柳樹,柳树
柳營,柳营
柵欄,栅栏
査良铮,查良铮
校園,校园
校規,校规
校長,校长
校門,校门
根據,根据
格調,格调
格鬥技,格斗技
桀驁不馴,桀骜不驯
桃花運,桃花运
案內,案内
案發,案发
桌腳,桌脚
桑葉,桑叶
梁朝偉,梁朝伟
梁靜茹,梁静茹
條件,条件
條子,条子
條款,条款
條理,条理
條約,条约
條紋衫,条纹衫
梳妝,梳妆
梶浦由記,梶浦由记
棄置,弃置
棋藝,棋艺
棟樑,栋梁
棲姬,栖姬
植物園,植物园
楊柳,杨柳
楊桃？,杨桃？
楊貴妃,杨贵妃
楊門女將,杨门女将
楓葉,枫叶
楚國,楚国
楚楚動人,楚楚动人
楚楚可憐,楚楚可怜
楚河漢界,楚河汉界
業務,业务
業績,业绩
極北,极北
極品,极品
極度,极度
極彩色,极彩色
極惡,极恶
極端,极端
極端冷靜,极端冷静
極端組織,极端组织
極致,极致
極限,极限
榮幸,荣幸
榮耀,荣耀
榮譽,荣誉
構造,构造
槍,枪
槍枝,枪枝
槍械,枪械
槍炮,枪炮
槳,桨
樂,乐
樂器,乐器
樂園,乐园
樂團,乐团
樂天,乐天
樂觀,乐观
樂譜,乐谱
樂趣,乐趣
樂隊,乐队
樂高,乐高
樓,楼
樓下,楼下
樓宇,楼宇
樓底,楼底
樓房,楼房
樓梯,楼梯
樓頂,楼顶
標清,标清
標準,标准
標示,标示
標籤,标签
標誌,标志
標點,标点
標點符號,标点符号
模擬市民,模拟市民
模範,模范
模範生,模范生
樣子,样子
樣式,样式
樣板,样板
樣衰,样衰
樫野,㭴野
樱內梨子,樱内梨子
樸素,朴素
樹,树
樹幹,树干
樹木,树木
樹林,树林
樹枝,树枝
樹葉縫隙,树叶缝隙
橋,桥
橋墩,桥墩
橋樑,桥梁
機器,机器
機器人,机器人
機心,机心
機房,机房
機智,机智
機會,机会
機械,机械
機械人,机械人
機構,机构
機翼,机翼
機遇,机遇
機長,机长
機關,机关
機靈,机灵
橡膠,橡胶
橫溢,横溢
檔次,档次
檢察官,检察官
檢查,检查
檢測,检测
檫膠,檫胶
檯燈,台灯
檳榔,槟榔
檸檬,柠檬
檸檬茶,柠檬茶
檸檬黃,柠檬黄
櫃,柜
櫃子,柜子
櫻井翔,樱井翔
櫻桃,樱桃
櫻花,樱花
欅坂,榉坂
權利,权利
權力,权力
權杖,权杖
權益,权益
權貴,权贵
欣賞,欣赏
欺瞞,欺瞒
欺負,欺负
欺騙,欺骗
歌劇,歌剧
歌劇魅影,歌剧魅影
歌詞,歌词
歐巴,欧巴
歐洲人,欧洲人
歐派克,欧派克
歐美,欧美
歡呼,欢呼
歡喜,欢喜
歡愉,欢愉
歡樂,欢乐
歡迎,欢迎
止痛藥,止痛药
正反兩面,正反两面
正性的連接紐,正性的连接纽
正方體,正方体
正當,正当
正確,正确
正經,正经
正義,正义
正義的使者,正义的使者
正義魔人,正义魔人
正話,正话
正軌,正轨
正魯官員,正鲁官员
步驟,步骤
武俠,武侠
武漢,武汉
武術,武术
歧視,歧视
歲月,岁月
歲月神偷,岁月神偷
歷史,历史
歷史價值,历史价值
歷史朝代,历史朝代
歸,归
歸來,归来
歸園田居,归园田居
歸屬,归属
歸案,归案
歸還,归还
死亡賽車,死亡赛车
死機,死机
死氣沉沉,死气沉沉
死線,死线
殊榮,殊荣
殘,残
殘忍,残忍
殘念,残念
殘暴,残暴
殘留,残留
殘疾,残疾
殘缺的耳朵,残缺的耳朵
殘舊,残旧
殘酷,残酷
殭屍,僵尸
殷紅,殷红
殺,杀
殺不完,杀不完
殺人,杀人
殺人犯,杀人犯
殺人狂,杀人狂
殺戮,杀戮
殺手,杀手
殺生,杀生
殺豬佬,杀猪佬
殺馬特,杀马特
殼,壳
毀,毁
毀容,毁容
毀滅,毁灭
毀譽半參,毁誉半参
母親,母亲
毒氣,毒气
毒癮很强,毒瘾很强
比方說,比方说
比賽,比赛
比較,比较
毕昇,毕升
毛澤東,毛泽东
毛筆,毛笔
毛筆字,毛笔字
毛絨絨,毛绒绒
毛線衣,毛线衣
毛髮,毛发
民國,民国
民間,民间
氣,气
氣候,气候
氣功,气功
氣勢,气势
氣味,气味
氣味很衝,气味很冲
氣喘,气喘
氣場,气场
氣息,气息
氣氛,气氛
氣氛緊張,气氛紧张
氣泡,气泡
氣流,气流
氣溫下降,气温下降
氣球,气球
氣若遊絲,气若游丝
氣質,气质
氣量,气量
氧氣,氧气
氫氣,氢气
氮氣,氮气
水墨畫,水墨画
水壺,水壶
水很髒,水很脏
水晶吊燈,水晶吊灯
水果攤,水果摊
水流聲,水流声
水滸傳,水浒传
水漲船高,水涨船高
水窪,水洼
水蒸氣,水蒸气
水資源,水资源
水鄉,水乡
水鍋,水锅
水電,水电
水靈靈,水灵灵
水餃,水饺
水龍頭,水龙头
永動機,永动机
永恆,永恒
永續經營,永续经营
永遠,永远
求同存異,求同存异
求心理陰影面積,求心理阴影面积
求愛,求爱
求證,求证
汙染,污染
江山易改本性難移,江山易改本性难移
江蘇,江苏
污的東西,污的东西
污穢,污秽
污點證人,污点证人
汪倫,汪伦
決勝,决胜
決定,决定
決心,决心
決策力,决策力
決絕,决绝
決鬥,决斗
汽車,汽车
汽鳴,汽鸣
沈穩,沈稳
沉沒,沉没
沉澱,沉淀
沉積岩,沉积岩
沉醉某個東西,沉醉某个东西
沉靜,沉静
沒事,没事
沒人,没人
沒什麼,没什么
沒前途,没前途
沒危險,没危险
沒品,没品
沒好貨,没好货
沒希望,没希望
沒想到,没想到
沒意识,没意识
沒文化,没文化
沒有,没有
沒有人,没有人
沒有可是,没有可是
沒有同理心,没有同理心
沒有哥呵,没有哥呵
沒有意義,没有意义
沒有用,没有用
沒有聲音,没有声音
沒有達到理想中的完美,没有达到理想中的完美
沒東西吃,没东西吃
沒特色,没特色
沒用,没用
沒素質,没素质
沒結束,没结束
沒經驗,没经验
沒能力,没能力
沒興趣,没兴趣
沒見識,没见识
沒趣,没趣
沒辦法,没办法
沒达成,没达成
沒過,没过
沒錢,没钱
沒錯,没错
沒關係,没关系
沖,冲
沖勁,冲劲
沖洗,冲洗
沙攤,沙摊
沙灘,沙滩
沙灘排球,沙滩排球
沙發,沙发
沙紙,沙纸
沮喪,沮丧
油煙味,油烟味
油膩,油腻
治療,治疗
法令紋,法令纹
法國,法国
法師,法师
法徑,法径
法條,法条
法條多,法条多
泛濫,泛滥
泡沫經濟,泡沫经济
泡麵,泡面
波動,波动
波紋,波纹
波絲,波丝
波點,波点
泣聲,泣声
注視,注视
泰國,泰国
泰國人妖,泰国人妖
洋洋灑灑,洋洋洒洒
洗手間,洗手间
洗滌劑,洗涤剂
洗潔劑,洗洁剂
洗腦,洗脑
洗頭水,洗头水
洗髮精,洗发精
洩气,泄气
活動,活动
活得輕鬆,活得轻松
活潑,活泼
活靈活現,活灵活现
派對,派对
流據流,流据流
流星之絆,流星之绊
流星花園,流星花园
流浪兒,流浪儿
流浪漢,流浪汉
流淚,流泪
流蘇,流苏
浩瀚無垠,浩瀚无垠
浪廢,浪废
浪費,浪费
浪費錢,浪费钱
浴墊,浴垫
海南島,海南岛
海哭的聲音,海哭的声音
海嘯,海啸
海帶,海带
海戰,海战
海洋劇場,海洋剧场
海濤聲,海涛声
海灘,海滩
海爾,海尔
海獅,海狮
海盜,海盗
海盜船,海盗船
海賊王,海贼王
海軍,海军
海邊,海边
海關,海关
海鮮,海鲜
海鷗,海鸥
浸豬籠,浸猪笼
消極,消极
消波塊,消波块
消滅,消灭
消費,消费
消費主義,消费主义
消費市場,消费市场
消閒,消闲
消防員,消防员
液體,液体
涵蓋,涵盖
涸轍之魚,涸辙之鱼
涼,凉
涼拌,凉拌
涼浸浸,凉浸浸
涼爽,凉爽
涼茶,凉茶
涼鞋,凉鞋
淒慘,凄惨
淒涼,凄凉
淘寶,淘宝
淘氣,淘气
淚,泪
淨雯,净雯
淫亂,淫乱
深深的腦海裡,深深的脑海里
深淵,深渊
深綠色,深绿色
深藍色,深蓝色
深雨濛濛,深雨蒙蒙
混亂,混乱
混濁,混浊
淺,浅
淺度,浅度
淺色衫褲,浅色衫裤
清涼,清凉
清淨,清净
清潔,清洁
清純不做作,清纯不做作
清華,清华
清蒸魚,清蒸鱼
減,减
減肥,减肥
減肥器材,减肥器材
渥維克,渥维克
渦流,涡流
測力計,测力计
測試,测试
測量,测量
測驗,测验
港產電影,港产电影
港闊水深,港阔水深
湧泉,涌泉
湮滅,湮灭
湯,汤
湯匙,汤匙
湯圓,汤圆
湯底,汤底
湯瑪士,汤玛士
源頭,源头
準備,准备
準時,准时
準確,准确
溝通,沟通
溫,温
溫和,温和
溫婉女子,温婉女子
溫室效應,温室效应
溫州,温州
溫度,温度
溫暖,温暖
溫柔,温柔
溫泉,温泉
溫潤,温润
溫順,温顺
滄桑,沧桑
滄海,沧海
滄海桑田,沧海桑田
滅,灭
滅火,灭火
滅火器,灭火器
滋潤,滋润
滌綸,涤纶
滑繩,滑绳
滾,滚
滾滾,滚滚
滾滾東逝水,滚滚东逝水
滾燙,滚烫
滾筒,滚筒
滿,满
滿分,满分
滿洲,满洲
滿滿,满满
滿目猙獰,满目狰狞
滿面,满面
漁夫,渔夫
漁村,渔村
漂鳥集,漂鸟集
演出後,演出后
演化論,演化论
演員,演员
演唱會,演唱会
演戲,演戏
演說,演说
演講,演讲
漢,汉
漢堡,汉堡
漢奸,汉奸
漢子,汉子
漢字,汉字
漢族,汉族
漢服,汉服
漢朝,汉朝
漢末,汉末
漫畫,漫画
漫長,漫长
漲,涨
漲價,涨价
漲潮,涨潮
潑婦,泼妇
潑辣,泼辣
潔,洁
潔淨,洁净
潔癖,洁癖
潔白,洁白
潛建,潜建
潛水,潜水
潛水服,潜水服
潛水艇,潜水艇
潛泳,潜泳
潛藏,潜藏
潤,润
潮時,潮时
潮濕,潮湿
澀,涩
澳門,澳门
激厲他人,激厉他人
激進,激进
濃,浓
濃厚,浓厚
濃密,浓密
濃湯,浓汤
濃煙,浓烟
濃稠,浓稠
濃縮,浓缩
濃茶,浓茶
濃郁,浓郁
濕,湿
濕地,湿地
濕度,湿度
濕氣,湿气
濕潤,湿润
濛濛,蒙蒙
濟南,济南
濫交,滥交
濫好人,滥好人
濫用,滥用
濾片,滤片
瀏覽,浏览
灌籃高手,灌篮高手
灑家,洒家
灑網,洒网
灑脫,洒脱
火力全開,火力全开
火槍,火枪
火災,火灾
火藥,火药
火車,火车
火車站,火车站
火鍋,火锅
火雞,火鸡
灰塵,灰尘
灰色地帶,灰色地带
災呃,灾呃
災害,灾害
災後,灾后
災禍來臨,灾祸来临
災難,灾难
炎熱,炎热
炒飯,炒饭
炸彈,炸弹
炸藥,炸药
炸雞,炸鸡
為了什麼,为了什么
為人民服務,为人民服务
為什麼,为什么
烏合之眾,乌合之众
烏托邦,乌托邦
烏賊,乌贼
烏雲,乌云
烏鴉,乌鸦
烟雨濛濛,烟雨蒙蒙
烹飪,烹饪
無,无
無人,无人
無人之境,无人之境
無人問津,无人问津
無人機,无人机
無以回報,无以回报
無作為,无作为
無助,无助
無動於衷,无动于衷
無可奈何,无可奈何
無奈,无奈
無尾熊,无尾熊
無常,无常
無底洞,无底洞
無庸致疑,无庸致疑
無形,无形
無恥,无耻
無恥之徒,无耻之徒
無意義,无意义
無感,无感
無慮,无虑
無憂無慮,无忧无虑
無懼,无惧
無所無,无所无
無所畏懼,无所畏惧
無所謂,无所谓
無拘束,无拘束
無數,无数
無暇,无暇
無望,无望
無欲,无欲
無比,无比
無法,无法
無為而治,无为而治
無理,无理
無瑕,无瑕
無產,无产
無用,无用
無畏,无畏
無病呻吟,无病呻吟
無盡,无尽
無禮,无礼
無私,无私
無窮,无穷
無緣,无缘
無聊,无聊
無聲,无声
無能,无能
無能為力,无能为力
無自信,无自信
無良,无良
無色,无色
無語,无语
無謀,无谋
無趣,无趣
無辜,无辜
無邊無際,无边无际
無邊際,无边际
無間道,无间道
無限,无限
無限制,无限制
無限回廊,无限回廊
無限大,无限大
焦慮,焦虑
焦麻雞,焦麻鸡
焦點,焦点
然後,然后
然後呢,然后呢
煎鍋,煎锅
煎餅,煎饼
煎餅果子,煎饼果子
煙,烟
煙囪,烟囱
煙槍,烟枪
煙火,烟火
煙花,烟花
煙蒂,烟蒂
煙酒,烟酒
煙霧,烟雾
照顧,照顾
煩,烦
煩悶,烦闷
煩惱,烦恼
煩死,烦死
煩躁,烦躁
煮湯,煮汤
煲劇,煲剧
熊貓,熊猫
熟慮,熟虑
熟練,熟练
熱,热
熱帶雨林,热带雨林
熱心,热心
熱忱,热忱
熱情,热情
熱愛,热爱
熱氣,热气
熱氣球,热气球
熱水,热水
熱水器,热水器
熱水壺,热水壶
熱水澡,热水澡
熱潮,热潮
熱炒,热炒
熱的,热的
熱血,热血
熱褲,热裤
熱量,热量
熱鬧,热闹
熾熱,炽热
燃燒,燃烧
燈,灯
燈光,灯光
燈柱,灯柱
燈紅酒綠,灯红酒绿
燈謎,灯谜
燉蘑菇,炖蘑菇
燒,烧
燒傷,烧伤
燒殺擄掠,烧杀掳掠
燒焦,烧焦
燒臘,烧腊
燒賣,烧卖
燒香,烧香
燙,烫
燙傷,烫伤
燙染,烫染
營運,营运
營養,营养
燦爛,灿烂
燦爛的,灿烂的
燭光,烛光
爆肝的開始,爆肝的开始
爆頭,爆头
爛,烂
爛gag,烂gag
爛人,烂人
爛俗空洞的詞語,烂俗空洞的词语
爛片,烂片
爬樹,爬树
爭,争
爭吵,争吵
爭執,争执
爭產,争产
爭議,争议
爭鬥,争斗
父權,父权
父母生氣,父母生气
父母親,父母亲
父親,父亲
爺,爷
爺爺,爷爷
牆,墙
牆壁,墙壁
牆面,墙面
牙線,牙线
牙醫,牙医
牙齒,牙齿
牙齒缺口,牙齿缺口
牛仔褲,牛仔裤
牛排館,牛排馆
牛肉麵,牛肉面
牛豬馬羊,牛猪马羊
牛頓,牛顿
牧場物語,牧场物语
牧師,牧师
牧養,牧养
物價,物价
物種,物种
物資,物资
物質,物质
物體,物体
特價,特价
特別,特别
特殊時期,特殊时期
特種部隊,特种部队
特立獨行,特立独行
特諾伊,特诺伊
特質,特质
特長,特长
特點,特点
牽制,牵制
牽手,牵手
牽掛,牵挂
牽涉,牵涉
牽牛花,牵牛花
牽連,牵连
犯規,犯规
犯錯,犯错
狀元糕,状元糕
狀態,状态
狂亂,狂乱
狂歡,狂欢
狗仔隊,狗仔队
狡辯,狡辩
狩獵,狩猎
狩獵者,狩猎者
狹窄,狭窄
狼的親戚,狼的亲戚
猙獰,狰狞
猛獸,猛兽
猜測,猜测
猶太,犹太
猶豫,犹豫
獅子,狮子
獅子王,狮子王
獎勵,奖励
獎台,奖台
獎品,奖品
獎杯,奖杯
獎牌,奖牌
獎狀,奖状
獎盃,奖杯
獎金,奖金
獎項,奖项
獨一無二的,独一无二的
獨孤,独孤
獨居,独居
獨居女子,独居女子
獨特,独特
獨特的,独特的
獨立,独立
獨自,独自
獨自旅遊,独自旅游
獨處,独处
獨行,独行
獨裁,独裁
獲利,获利
獲取,获取
獵人,猎人
獵殺紅色十月,猎杀红色十月
獵物,猎物
獵犬,猎犬
獼猴桃,猕猴桃
率領,率领
玉鐲,玉镯
玉養人,玉养人
王一諾,王一诺
王國,王国
王維,王维
玩什麼,玩什么
玩樂,玩乐
玩脫,玩脱
玩遊戲,玩游戏
玲瓏,玲珑
玻璃蝦,玻璃虾
珍貴,珍贵
珠寶,珠宝
班級,班级
班聯會,班联会
現代,现代
現在,现在
現實,现实
現成物,现成物
球賽,球赛
球隊,球队
理據,理据
理論,理论
理財,理财
瑟瑟發抖,瑟瑟发抖
瑪利歐,玛利欧
瑪莉亞,玛莉亚
瑪麗亞,玛丽亚
瑪麗蓮夢露,玛丽莲梦露
瑪麗蘇,玛丽苏
瑰寶,瑰宝
環保,环保
環境,环境
環境汙染,环境污染
環衛工,环卫工
環遊世界,环游世界
瓊瑤,琼瑶
瓢潑,瓢泼
瓢蟲,瓢虫
瓶裝,瓶装
瓶頸,瓶颈
瓷窯,瓷窑
甘特圖,甘特图
甚麼,甚么
甜點,甜点
生命與共,生命与共
生夢,生梦
生態系統,生态系统
生日禮物,生日礼物
生氣,生气
生氣勃勃,生气勃勃
生物書,生物书
生理性徵,生理性征
生產,生产
生產力,生产力
生鏽,生锈
生長,生长
生靈,生灵
生魚片,生鱼片
產乳play,产乳play
產業,产业
產糧,产粮
甩難,甩难
由於,由于
甲午戰爭,甲午战争
电视劇,电视剧
男同學,男同学
男女關係,男女关系
男裝,男装
界線,界线
畏縮,畏缩
留學,留学
畢家索,毕家索
畢業,毕业
畢業旅行,毕业旅行
番屋企訓覺,番屋企训觉
畫,画
畫作,画作
畫像,画像
畫圈圈,画圈圈
畫家,画家
畫布,画布
畫意,画意
畫手,画手
畫板,画板
畫框,画框
畫畫,画画
畫筆,画笔
畫風,画风
畫龍點睛,画龙点睛
異乎尋常,异乎寻常
異國文化,异国文化
異常,异常
異形,异形
異性,异性
異或,异或
異裝癖,异装癖
異類,异类
當兵,当兵
疏離,疏离
疑問,疑问
疑問詞,疑问词
疑慮,疑虑
疫點,疫点
疲勞,疲劳
疲憊,疲惫
病嬌,病娇
病態,病态
病號服,病号服
痊癒,痊愈
痕跡,痕迹
痛癢,痛痒
痛覺,痛觉
痠痛,酸痛
痴漢,痴汉
瘋婆子,疯婆子
瘋子,疯子
瘋狂,疯狂
瘙癢,瘙痒
瘡,疮
療癒,疗愈
癌變,癌变
癢,痒
癩蛤蟆,癞蛤蟆
癲狂,癫狂
発達的最近接領域,発达的最近接领域
登山逕,登山迳
登記,登记
登陸,登陆
發,发
發光,发光
發動戰爭,发动战争
發呆,发呆
發售前,发售前
發展,发展
發布,发布
發想,发想
發抖,发抖
發條橙,发条橙
發燒,发烧
發病,发病
發瘋,发疯
發票,发票
發福,发福
發聲,发声
發育,发育
發芽,发芽
發表,发表
發財,发财
發财,发财
發達,发达
發達國家,发达国家
發電,发电
發霉,发霉
發麻,发麻
白日夢,白日梦
白樂天,白乐天
白淨,白净
白癡,白痴
白種人,白种人
白紙,白纸
白絹,白绢
白線,白线
白膠,白胶
白臉,白脸
白雲,白云
白雲黑土,白云黑土
白髮,白发
百摺裙,百折裙
百無一用,百无一用
百科全書,百科全书
百花爭豔,百花争艳
百萬,百万
百貨公司,百货公司
百貨商場,百货商场
的微風,的微风
的畫面,的画面
的話,的话
皚皚,皑皑
皚皚白雪,皑皑白雪
皮帶,皮带
皮膚,皮肤
皺眉,皱眉
皺眉頭,皱眉头
皺紋,皱纹
盒飯,盒饭
盛裝,盛装
盜取,盗取
盜墓,盗墓
盜夢偵探,盗梦侦探
盜賊,盗贼
監察院,监察院
監控,监控
監獄,监狱
監獄學園,监狱学园
盤商,盘商
盤子,盘子
盤絲洞,盘丝洞
盤髮,盘发
目光短淺,目光短浅
目標,目标
目錄,目录
盲從,盲从
盲點,盲点
直升機,直升机
直徑,直径
直系尊親屬,直系尊亲属
直線,直线
直腸子,直肠子
直覺,直觉
相冊,相册
相對,相对
相對位置,相对位置
相愛,相爱
相應,相应
相撲,相扑
相擁而眠,相拥而眠
相機,相机
相葉さん,相叶さん
相葉雅紀,相叶雅纪
相處,相处
相親,相亲
相關法律,相关法律
省空間,省空间
省錢,省钱
看不見,看不见
看仔細,看仔细
看見,看见
看護,看护
看門的,看门的
真偽,真伪
真實,真实
真實的虛假,真实的虚假
真心話,真心话
真摯,真挚
真誠,真诚
眼波流轉,眼波流转
眼淚,眼泪
眼睛上層,眼睛上层
眼神接觸,眼神接触
眼線,眼线
眼腹陰,眼腹阴
眼鏡,眼镜
眼鏡男,眼镜男
眾人皆可,众人皆可
眾籌,众筹
睏,困
睏倦,困倦
睜眼,睁眼
睜開眼,睁开眼
睡到飽,睡到饱
睡蓮,睡莲
睡覺,睡觉
睡覺的地方,睡觉的地方
睡過頭,睡过头
睪丸,睾丸
瞬間,瞬间
瞭解,了解
瞭解事物,了解事物
矇昧,蒙昧
矜貴,矜贵
知曉,知晓
知根徹底,知根彻底
知識,知识
知識產權,知识产权
知錯能改,知错能改
矩陣,矩阵
短暫,短暂
短處,短处
短褲,短裤
矯正,矫正
石庫門,石库门
石頭,石头
砂锅燉鱼头,砂锅炖鱼头
砲彈,砲弹
破壞,破坏
破壞王,破坏王
破敗,破败
破爛,破烂
破產,破产
破產姐妹,破产姐妹
破綻,破绽
破繭而出,破茧而出
破關,破关
硃砂,朱砂
硬幣,硬币
硬頸,硬颈
硬體,硬体
碎語,碎语
碩士,硕士
碰觸,碰触
碳單質,碳单质
確かに,确かに
確定,确定
確認,确认
確認的英文,确认的英文
碼頭,码头
磁鐵,磁铁
磚,砖
磚頭,砖头
磨盤,磨盘
磨難,磨难
礦坑,矿坑
礦山,矿山
礦產,矿产
社交恐懼,社交恐惧
社區,社区
社團,社团
社會,社会
社會倫理,社会伦理
社會反射,社会反射
社會地位,社会地位
社會福利,社会福利
社會精英,社会精英
祈禱,祈祷
祕密,秘密
祖國,祖国
祖瑪瓏,祖玛珑
祝賀,祝贺
神奇寶貝,神奇宝贝
神學院,神学院
神秘麥田,神秘麦田
神經,神经
神經病,神经病
神聖,神圣
神話,神话
神選,神选
祭壇,祭坛
禁慾,禁欲
禁止進入,禁止进入
禁錮,禁锢
禁食豬肉,禁食猪肉
禍害,祸害
福爾摩斯,福尔摩斯
禪,禅
禮儀,礼仪
禮堂,礼堂
禮服,礼服
禮物,礼物
禮節,礼节
禮讓,礼让
禮貌,礼貌
禱告,祷告
禿,秃
禿頂,秃顶
禿頭,秃头
秀髮,秀发
私家車,私家车
私處,私处
秋名山車神,秋名山车神
秋葉,秋叶
科學,科学
科學研究,科学研究
科舉,科举
秘書長,秘书长
租約,租约
移動,移动
稀飯,稀饭
稅,税
稅收,税收
稜角,棱角
種了一箭,种了一箭
種子,种子
種族,种族
種族主義,种族主义
種田,种田
種類,种类
稱呼,称呼
稱職,称职
稱讚,称赞
稱量,称量
稿紙,稿纸
穀倉,谷仓
積德,积德
積極,积极
積累,积累
穩健,稳健
穩定,稳定
穩重,稳重
空曠,空旷
空檔,空档
空殼,空壳
空氣,空气
空氣質素,空气质素
空蕩蕩,空荡荡
空調,空调
空軍,空军
空閒,空闲
空間,空间
空間感,空间感
空靈,空灵
突發,突发
突發事件,突发事件
突襲,突袭
窗戶,窗户
窗簾,窗帘
窩,窝
窩心,窝心
窪田正孝,洼田正孝
窮,穷
窮人,穷人
窮途,穷途
窮遊,穷游
竄天猴,窜天猴
竇娥,窦娥
立場,立场
立斷,立断
立方體,立方体
立體,立体
立體主義,立体主义
站崗,站岗
童叟無欺,童叟无欺
童裝,童装
童話,童话
童話故事,童话故事
竪大姆指,竖大姆指
端莊,端庄
競技,竞技
競爭,竞争
竹桿,竹杆
竹簍,竹篓
竹籃,竹篮
竹蓆,竹席
笑聲,笑声
笑話,笑话
符號,符号
笨豬跳,笨猪跳
第一個,第一个
第一反應,第一反应
第二件半價,第二件半价
筆,笔
筆墨,笔墨
筆壓,笔压
筆法,笔法
筆畫,笔画
筆芯,笔芯
筆記,笔记
等級,等级
筍,笋
答對題目,答对题目
答應,答应
答題,答题
策劃,策划
算盤,算盘
管弦樂,管弦乐
箭頭,箭头
節,节
節制,节制
節奏,节奏
節日,节日
節目大學生了沒,节目大学生了没
節目康熙來了,节目康熙来了
節省,节省
節選,节选
範圍,范围
簡單,简单
簡寫,简写
簡要,简要
簽,签
簽合同,签合同
簽證,签证
籃子,篮子
籃板,篮板
籃球,篮球
籃球隊,篮球队
籠子,笼子
籬笆,篱笆
米開羅基朗,米开罗基朗
米飯,米饭
米飯班主,米饭班主
粉塵,粉尘
粉筆,粉笔
粉紅,粉红
粉紅色,粉红色
粉紅豬,粉红猪
粉絲,粉丝
粗魯,粗鲁
精準,精准
精神不濟,精神不济
精神緊張,精神紧张
精細,精细
精華液,精华液
精銳,精锐
精靈,精灵
糉子,粽子
糕點,糕点
糞便,粪便
糧食,粮食
系學會,系学会
系統,系统
糾纏不清,纠缠不清
紀律,纪律
紀律部隊,纪律部队
紀念,纪念
紀念碑,纪念碑
紀曉嵐,纪晓岚
紀錄,纪录
約定,约定
約會,约会
約束,约束
約束（日本語）,约束（日本语）
約炮,约炮
紅,红
紅十字,红十字
紅十字會,红十字会
紅唇,红唇
紅撲撲,红扑扑
紅斑,红斑
紅旗,红旗
紅日,红日
紅榜,红榜
紅海,红海
紅燒魚,红烧鱼
紅白,红白
紅的,红的
紅磚屋,红砖屋
紅綠燈,红绿灯
紅綠燈號,红绿灯号
紅腫,红肿
紅色,红色
紅色，喜悅,红色，喜悦
紅藍螺旋,红蓝螺旋
紅蘿蔔,红萝卜
紅血球,红血球
紅豆,红豆
紅豆餅,红豆饼
紅酒,红酒
紅領巾,红领巾
紅顏,红颜
紅鯉魚,红鲤鱼
紋路,纹路
納粹,纳粹
紐西蘭,纽西兰
純潔,纯洁
純熟,纯熟
純白,纯白
純真,纯真
紙,纸
紙團,纸团
紙巾,纸巾
紙幣,纸币
紙張,纸张
紙條,纸条
紙燈籠,纸灯笼
紙片,纸片
紙牌,纸牌
紙的觸感,纸的触感
紙筆,纸笔
紙箱,纸箱
紙膠帶,纸胶带
紙錢,纸钱
級別,级别
紛爭,纷争
素未謀面,素未谋面
素質,素质
紡織,纺织
索賠額多,索赔额多
紫紅色,紫红色
紮心了老頭,扎心了老头
累積,累积
細,细
細佬,细佬
細妹,细妹
細密,细密
細小的砂石,细小的砂石
細微,细微
細心,细心
細心照顧,细心照顾
細碎,细碎
細磨的東西,细磨的东西
細緻,细致
細胞,细胞
細膩,细腻
細菌,细菌
細長,细长
紳士,绅士
終會別離,终会别离
終極一班,终极一班
終點,终点
組別,组别
組合,组合
組織,组织
組長,组长
結伴同遊,结伴同游
結冰,结冰
結凍,结冻
結婚,结婚
結實,结实
結局,结局
結廬在人境,结庐在人境
結晶,结晶
結束,结束
結果,结果
結構,结构
結構注意,结构注意
結界,结界
結論,结论
絕對,绝对
絕對領域,绝对领域
絕情,绝情
絕望,绝望
絕種,绝种
絕路,绝路
絞刑,绞刑
給予,给予
給你一巴掌,给你一巴掌
給我滾,给我滚
絨毛,绒毛
統一,统一
統一戰線,统一战线
統整,统整
統治,统治
統計學,统计学
統計結果,统计结果
絲巾,丝巾
絲絨,丝绒
絲綢,丝绸
絲綢之路,丝绸之路
絲線,丝线
絲襪,丝袜
絲路,丝路
綁定,绑定
綁帶,绑带
綁架,绑架
綁票,绑票
綑綁,捆绑
經,经
經典,经典
經典名著,经典名著
經商,经商
經常,经常
經文,经文
經期,经期
經歷,经历
經濟,经济
經濟來源,经济来源
經營,经营
經理,经理
經痛,经痛
經過,经过
經驗,经验
經驗豐富,经验丰富
綜藝,综艺
綜藝節目,综艺节目
綠,绿
綠巨人,绿巨人
綠油油,绿油油
綠綠,绿绿
綠色,绿色
綠茶,绿茶
綠茶婊,绿茶婊
綠葉,绿叶
綠豆,绿豆
綠豆湯,绿豆汤
綢緞,绸缎
維修,维修
維權,维权
維權人士,维权人士
維穩,维稳
維納斯,维纳斯
綱要,纲要
網上衝浪,网上冲浪
網子,网子
網站,网站
網絡,网络
網絡紅人,网络红人
網購平台,网购平台
網路,网路
網頁,网页
綿羊,绵羊
緊張,紧张
緊急,紧急
緊急制,紧急制
緊急呼叫,紧急呼叫
緊慎,紧慎
緊緻,紧致
緊繃,紧绷
緊迫,紧迫
緊閉,紧闭
緋聞,绯闻
緙,缂
線,线
線性代數,线性代数
線條,线条
線索,线索
緞帶,缎带
緣,缘
編舟記,编舟记
編號,编号
編輯,编辑
緩慢,缓慢
練習,练习
縫線,缝线
縫衣服,缝衣服
縫補,缝补
縫隙,缝隙
縮,缩
縮手,缩手
總之，難在人間安處,总之，难在人间安处
總動員,总动员
總司令,总司令
總結,总结
總統,总统
總經理,总经理
總裁:,总裁:
總計,总计
繁瑣,繁琐
繁華,繁华
繁複,繁复
繁體,繁体
繁體字,繁体字
繃帶,绷带
織女,织女
織布機,织布机
繞路,绕路
繡像,绣像
繩子,绳子
繪畫,绘画
繭,茧
繳費,缴费
繼承,继承
繼父,继父
繼續,继续
繼續睡,继续睡
繽紛,缤纷
繽紛的,缤纷的
纍纍,累累
绝巘,绝
缺損,缺损
缺點,缺点
罐頭,罐头
罕見,罕见
罪惡,罪恶
罵,骂
罵人,骂人
罵戰,骂战
罵街,骂街
羅布泊,罗布泊
羅曼蒂克,罗曼蒂克
羅盤,罗盘
羅馬,罗马
羈旅,羁旅
羈絆,羁绊
美國,美国
美女與野獸,美女与野兽
美容師,美容师
美術,美术
美術品,美术品
美顏,美颜
美麗,美丽
羞恥,羞耻
羞澀,羞涩
群眾,群众
群眾精神寄託,群众精神寄托
群體,群体
羨ましい,羡ましい
羨慕,羡慕
義,义
義務,义务
義士,义士
義大利,义大利
義工,义工
義氣,义气
羽絨,羽绒
翁萬特,翁万特
翠綠,翠绿
翹二郎腿,翘二郎腿
翻譯,翻译
翻開,翻开
老婦,老妇
老媽我可以搬出去啦！！,老妈我可以搬出去啦！！
老學究,老学究
老實,老实
老實人,老实人
老師,老师
老師的兒子,老师的儿子
老樹,老树
老爺,老爷
老舊,老旧
老花眼鏡,老花眼镜
老闆,老板
老頭,老头
老鷹,老鹰
考慮,考虑
考試,考试
考試成績,考试成绩
考試通過,考试通过
考證,考证
考驗,考验
而過,而过
耍帥,耍帅
耳環,耳环
耳聰目明,耳聪目明
耶和華,耶和华
耶穌,耶稣
耶穌基督的愛,耶稣基督的爱
聖杯,圣杯
聖歌,圣歌
聖經,圣经
聖誕樹,圣诞树
聖誕節,圣诞节
聚會,聚会
聞,闻
聞雞,闻鸡
聯合,联合
聯合國,联合国
聯想,联想
聯結,联结
聯絡,联络
聯繫,联系
聯通,联通
聰明,聪明
聲優,声优
聲光影音,声光影音
聲明,声明
聲樂,声乐
聲稱,声称
聲線,声线
聲音,声音
聲響,声响
聶隱娘,聂隐娘
職位,职位
職務,职务
職員,职员
職場,职场
職業,职业
職業微笑,职业微笑
職涵,职涵
聽,听
聽到,听到
聽力測試,听力测试
聽見,听见
聾,聋
聾子,聋子
肅殺,肃杀
肅靜,肃静
肉包鐵,肉包铁
肉塊,肉块
肚臍,肚脐
肚餓,肚饿
股票市場,股票市场
肢體,肢体
背後,背后
背東西,背东西
胎兒,胎儿
胎盤,胎盘
胡思亂想,胡思乱想
胡謅,胡诌
脂質,脂质
脈絡,脉络
脫皮,脱皮
脫節,脱节
脫貧,脱贫
脾氣,脾气
脾臟,脾脏
腎上腺素,肾上腺素
腐壞,腐坏
腐敗,腐败
腐爛,腐烂
腦,脑
腦中風,脑中风
腦力,脑力
腦子,脑子
腦漿,脑浆
腦細胞,脑细胞
腦袋,脑袋
腫瘤,肿瘤
腮紅,腮红
腰圍,腰围
腰帶,腰带
腳,脚
腳印,脚印
腳尖,脚尖
腳底抹油,脚底抹油
腳指甲,脚指甲
腳步,脚步
腳眼,脚眼
腳踏車,脚踏车
腳踝,脚踝
腸胃,肠胃
膚淺,肤浅
膝蓋痛,膝盖痛
膠,胶
膠囊,胶囊
膠布,胶布
膠帶,胶带
膠水,胶水
膠著,胶著
膽固醇,胆固醇
膽小,胆小
膽小鬼,胆小鬼
膽怯,胆怯
臂彎,臂弯
臉,脸
臉孔,脸孔
臉紅,脸红
臉紅紅的女人,脸红红的女人
臉蛋,脸蛋
臉部,脸部
臍帶,脐带
臟,脏
臨行密密縫,临行密密缝
自動,自动
自我發現,自我发现
自我認知,自我认知
自殘,自残
自殺,自杀
自治區,自治区
自然景觀,自然景观
自然災害,自然灾害
自然選擇,自然选择
自閉,自闭
臭水溝,臭水沟
至極,至极
至高無上,至高无上
致人於死地,致人于死地
致幻劑,致幻剂
臺,台
臺灣人,台湾人
與眾不同,与众不同
興奮,兴奋
興旺,兴旺
興趣,兴趣
舉例太少,举例太少
舉手之勞,举手之劳
舉杯,举杯
舉槍,举枪
舉止,举止
舉重,举重
舊,旧
舊事,旧事
舊人,旧人
舊衣服,旧衣服
舌頭,舌头
舒緩,舒缓
舒適,舒适
舒適衣服,舒适衣服
舞動,舞动
舞台劇,舞台剧
舞孃,舞娘
舞廳,舞厅
航空母艦,航空母舰
船員,船员
船槳,船桨
船長,船长
艱辛,艰辛
艱難,艰难
芋頭,芋头
花園,花园
花壇,花坛
花崗,花岗
花紋,花纹
花花綠綠,花花绿绿
花費,花费
花錢,花钱
花開,花开
苦惱,苦恼
苦澀,苦涩
苦澀味,苦涩味
苦難,苦难
英國,英国
英文中的粉絲,英文中的粉丝
英文單字,英文单字
英氣,英气
英語,英语
英雄聯盟,英雄联盟
范偉琪,范伟琪
范圍,范围
茅臺,茅台
茶壺,茶壶
茶樓,茶楼
茶水間,茶水间
茶葉,茶叶
茶葉蛋,茶叶蛋
茶藝,茶艺
草泥馬,草泥马
荊棘,荆棘
荒涼,荒凉
荒誕,荒诞
荒謬,荒谬
荔園,荔园
荷葉飯,荷叶饭
荷蘭,荷兰
荷蘭村,荷兰村
莊周,庄周
莊子,庄子
莊稼,庄稼
莊稼田野,庄稼田野
莫測,莫测
菌絲,菌丝
菜市場,菜市场
菜餚,菜肴
華中,华中
華人,华人
華僑,华侨
華北,华北
華夏,华夏
華山,华山
華服,华服
華為,华为
華爾滋,华尔滋
華航,华航
華麗な,华丽な
華麗的,华丽的
華麗腐敗,华丽腐败
菸臭味,烟臭味
菸草,烟草
萬世,万世
萬歲,万岁
萬物復甦,万物复苏
萬能,万能
萬里,万里
萬里長城,万里长城
萬里長征,万里长征
萬馬奔騰,万马奔腾
萬麗娜,万丽娜
落實,落实
落後,落后
落葉,落叶
落選,落选
葉,叶
葉修,叶修
葉子,叶子
葉綠體,叶绿体
葫蘆,葫芦
葫蘆娃,葫芦娃
葬禮,葬礼
蒐集,搜集
蒙娜麗莎,蒙娜丽莎
蒸氣,蒸气
蒸餾水,蒸馏水
蒼狗,苍狗
蒼白,苍白
蓉麽麽,蓉么么
蓋,盖
蓋房子,盖房子
蓋章,盖章
蓋耳朵,盖耳朵
蔥花,葱花
蕭何,萧何
蕭瑟,萧瑟
蕭索,萧索
蕭邦,萧邦
蕾絲,蕾丝
薑,姜
薑茶,姜茶
薪資,薪资
藉口,借口
藉由,借由
藍,蓝
藍光,蓝光
藍圖,蓝图
藍天白雲,蓝天白云
藍灣,蓝湾
藍色,蓝色
藍色襯衫,蓝色衬衫
藍莓,蓝莓
藍領,蓝领
藍鯨,蓝鲸
藏寶,藏宝
藝人,艺人
藝妓,艺妓
藝術,艺术
藝術史,艺术史
藝術品,艺术品
藝術家,艺术家
藥,药
藥典,药典
藥劑,药剂
藥劑師,药剂师
藥局,药局
藥片,药片
藥物,药物
藥膏,药膏
藥酒,药酒
藻類,藻类
蘇州,苏州
蘇打水,苏打水
蘇杭,苏杭
蘇東坡,苏东坡
蘇格拉底,苏格拉底
蘇童,苏童
蘇維埃,苏维埃
蘇联,苏联
蘇軾,苏轼
蘋果,苹果
蘋果汁,苹果汁
蘑菇雲,蘑菇云
蘭州,兰州
蘿莉,萝莉
蘿蔔,萝卜
虎克船長,虎克船长
虎門,虎门
虔誠,虔诚
處女,处女
處女座,处女座
處方,处方
處方簽,处方签
處理,处理
處理好,处理好
處男,处男
處罰,处罚
處關係,处关系
虛假,虚假
虛偽,虚伪
虛幻,虚幻
虛弱,虚弱
虛擬,虚拟
虛渺,虚渺
虛無,虚无
虛空,虚空
號,号
號碼,号码
號角,号角
虧損,亏损
虧欠,亏欠
虧蝕,亏蚀
蚜蟲,蚜虫
蛋殼,蛋壳
蛋漿,蛋浆
蛋白質,蛋白质
蜘蛛絲,蜘蛛丝
蜚語,蜚语
蝗蟲,蝗虫
蝙蝠俠,蝙蝠侠
蝦仁,虾仁
蝴蝶效應,蝴蝶效应
蝴蝶結,蝴蝶结
蝴蝶蘭,蝴蝶兰
蝸牛,蜗牛
螞蚱,蚂蚱
螞蟻,蚂蚁
螢幕,萤幕
螺絲,螺丝
螺絲起子,螺丝起子
蟬,蝉
蟲,虫
蟲洞,虫洞
蟲飛,虫飞
蠍子,蝎子
蠕動,蠕动
蠟筆,蜡笔
蠶,蚕
蠶寶寶,蚕宝宝
蠶絲,蚕丝
蠻橫,蛮横
血淚,血泪
血緣,血缘
血緣關係,血缘关系
血親,血亲
行動,行动
行動力,行动力
行政樞紐,行政枢纽
行為,行为
衛星,卫星
衛生,卫生
衛生巾,卫生巾
衛生棉,卫生棉
衛生棉條,卫生棉条
衛生眠,卫生眠
衛生紙,卫生纸
衛生股長,卫生股长
衛衣,卫衣
衝動,冲动
衝突,冲突
衣冠塚,衣冠冢
衣櫃,衣柜
衣衫襤褸,衣衫褴褛
表揚,表扬
表演型人格障礙,表演型人格障碍
表現,表现
表現優良,表现优良
表現慾,表现欲
表現能力,表现能力
表示兩人有曖昧或更為深入的關係,表示两人有暧昧或更为深入的关系
表達,表达
表面積,表面积
被浪費,被浪费
被窩,被窝
被記曠課,被记旷课
被誤導,被误导
裏切,里切
裏面,里面
裙擺,裙摆
補習,补习
補身體,补身体
裝修,装修
裝扮,装扮
裝瞎,装瞎
裝神弄鬼,装神弄鬼
裝置,装置
裝逼,装逼
裝飾,装饰
裡面,里面
複印,复印
複雑,复雑
複雜,复杂
褒揚,褒扬
褲,裤
褲子,裤子
襦絆,襦绊
襯衫,衬衫
襲擊,袭击
西方樂器,西方乐器
西洋劍,西洋剑
西裝,西装
西裝褲,西装裤
西遊記,西游记
西關大屋,西关大屋
西雅圖,西雅图
西餅,西饼
西餅蛋糕,西饼蛋糕
要什麼,要什么
要據,要据
要領,要领
見,见
見多識廣,见多识广
見的多了,见的多了
見解,见解
見面,见面
規則,规则
規劃,规划
規定,规定
規律,规律
規矩,规矩
規章,规章
規範,规范
規限,规限
視力,视力
視屏,视屏
視神經,视神经
視網膜,视网膜
視線,视线
視而不見,视而不见
視覺,视觉
視角,视角
視野,视野
視頻,视频
親人,亲人
親友,亲友
親吻,亲吻
親密,亲密
親密感,亲密感
親密關係,亲密关系
親愛的,亲爱的
親戚,亲戚
親昵,亲昵
親暱,亲暱
親近,亲近
覺醒,觉醒
觀光,观光
觀察,观察
觀念,观念
觀景台,观景台
解析幾何,解析几何
解構主義,解构主义
解決,解决
解決了,解决了
解脫,解脱
解膩,解腻
解說,解说
解釋,解释
觸摸,触摸
觸碰,触碰
觸電,触电
觸鬚,触须
言情小說,言情小说
言語,言语
言論,言论
訂位,订位
計劃,计划
計時,计时
計畫,计划
計程車,计程车
計算,计算
計較,计较
計量,计量
計量表,计量表
訊息,讯息
討人厭,讨人厌
討人喜歡,讨人喜欢
討厭,讨厌
討巧,讨巧
討論,讨论
訓練,训练
託付,托付
記得,记得
記憶,记忆
記者,记者
記者會,记者会
記號,记号
記錄,记录
訪問,访问
訪談,访谈
設備,设备
設想,设想
設施,设施
設置,设置
設計,设计
許言,许言
許諾,许诺
許願,许愿
註定,注定
証據,证据
詐騙,诈骗
詐騙慣犯,诈骗惯犯
評斷,评断
詛咒,诅咒
詞,词
詞典,词典
詞彙,词汇
詞藻,词藻
詞語,词语
詢問,询问
試卷,试卷
試探,试探
試管,试管
詩,诗
詩人,诗人
詩意,诗意
詩書,诗书
詩歌,诗歌
詩聖,诗圣
詩詞,诗词
詭異,诡异
詭計,诡计
詮釋,诠释
話,话
話劇,话剧
話筒,话筒
話術,话术
話語,话语
話題,话题
誇獎,夸奖
認同,认同
認為,认为
認真,认真
認知,认知
認識,认识
認識的人,认识的人
認輸,认输
認錯,认错
誘惑,诱惑
語文能力,语文能力
語氣,语气
語氣助詞,语气助词
語言,语言
語言學,语言学
誠信,诚信
誠實,诚实
誠心,诚心
誠懇,诚恳
誤,误
誤導,误导
誤差,误差
誤會,误会
誤機,误机
說,说
說明,说明
說明書,说明书
說服,说服
說服力,说服力
說話,说话
說謊,说谎
說髒話,说脏话
誰,谁
誰都可以,谁都可以
課文,课文
課本,课本
課業,课业
課程,课程
課金,课金
調味劑,调味剂
調味料,调味料
調和,调和
調查,调查
調解員,调解员
調酒,调酒
談判,谈判
談心,谈心
請,请
請假,请假
請假條,请假条
請吃飯,请吃饭
請教,请教
請求,请求
論文,论文
諧音,谐音
諮詢,咨询
諸葛亮,诸葛亮
謀略,谋略
謂稱,谓称
謂語,谓语
謊言,谎言
謎,谜
謎團,谜团
謙虛,谦虚
謙讓,谦让
謙辭,谦辞
謙遜,谦逊
講,讲
講話,讲话
謝謝,谢谢
謬誤,谬误
謹慎,谨慎
證件,证件
證件照,证件照
證偽,证伪
證券,证券
證據,证据
證明,证明
識人,识人
識讀,识读
警報器,警报器
警衛,警卫
警誡,警诫
警車,警车
警鳴,警鸣
議員,议员
議會,议会
議論,议论
議論文,议论文
議題,议题
護士,护士
護目鏡,护目镜
護膚,护肤
護衛,护卫
護衛隊,护卫队
護髮,护发
讀,读
讀了篇好文章,读了篇好文章
讀書,读书
讀物,读物
變動,变动
變化,变化
變幻,变幻
變態,变态
變異,变异
讓人,让人
讓座,让座
讓行,让行
讚,赞
讚揚,赞扬
讚賞,赞赏
计劃,计划
豁達,豁达
豆漿,豆浆
豆知識,豆知识
豆製品,豆制品
豎笛,竖笛
豐富,丰富
豐富的,丰富的
豐收,丰收
豐滿,丰满
豐盛,丰盛
豔麗,艳丽
象徵,象征
豪邁,豪迈
豬,猪
豬叫,猪叫
豬排,猪排
豬朋狗友,猪朋狗友
豬肉,猪肉
豬肉串,猪肉串
豬肝,猪肝
豬腳,猪脚
豬腸,猪肠
貓,猫
貓又,猫又
貓叫,猫叫
貓咪,猫咪
貓步,猫步
貓糧,猫粮
貝兒,贝儿
貝多芬,贝多芬
貝殼,贝壳
貝雷帽,贝雷帽
貞子,贞子
負債,负债
負擔,负担
負責任,负责任
負重,负重
負面,负面
負面思惟,负面思惟
財務,财务
財務困難,财务困难
財富,财富
財寶,财宝
財物,财物
財產,财产
財神,财神
貢獻,贡献
貧乏,贫乏
貧乳,贫乳
貧困,贫困
貧富懸殊,贫富悬殊
貧瘠,贫瘠
貧窮,贫穷
貨品,货品
貨幣,货币
貨幣貶值,货币贬值
貨櫃,货柜
貨物,货物
貨色,货色
貨車,货车
貪了三年國庫,贪了三年国库
貪婪之島,贪婪之岛
貪官,贪官
貪心,贪心
貪念,贪念
貪汙,贪污
貪腐,贪腐
責任,责任
責任心,责任心
責備,责备
責罵,责骂
貴,贵
貴且無用,贵且无用
貴州,贵州
貴族,贵族
貴様,贵様
貴賓,贵宾
貴賤,贵贱
貴重,贵重
貴重的,贵重的
買,买
買罪,买罪
買菜,买菜
買買買,买买买
買賣,买卖
買車,买车
買餸,买
費時,费时
貼上,贴上
貼標籤,贴标签
貼紙,贴纸
貿易,贸易
貿易戰,贸易战
資優,资优
資助,资助
資料,资料
資料夾,资料夹
資本,资本
資本主義,资本主义
資本化,资本化
資格,资格
資歷,资历
資源,资源
資源配置,资源配置
資訊,资讯
資質,资质
資金,资金
賊,贼
賊人,贼人
賓客,宾客
賓拉登,宾拉登
賞心悅目,赏心悦目
賠償,赔偿
賠款,赔款
賠錢,赔钱
賣火柴的小女孩,卖火柴的小女孩
賣身,卖身
賣身契,卖身契
賣電腦,卖电脑
賤人,贱人
質數,质数
質料,质料
質詢,质询
質量,质量
賭博,赌博
賭場,赌场
賭氣,赌气
賺,赚
賺錢,赚钱
購物,购物
購物車,购物车
購買,购买
購買水平,购买水平
賽跑,赛跑
賽車,赛车
賽馬,赛马
贅肉,赘肉
贊同,赞同
贊成,赞成
贊賞,赞赏
贏,赢
贓,赃
贖金,赎金
贗品,赝品
走動,走动
走開,走开
走馬看花,走马看花
起義,起义
起跑線,起跑线
起飛,起飞
超市獎賞,超市奖赏
越強,越强
越權,越权
越獄,越狱
越過,越过
越野車,越野车
趕,赶
趕得及,赶得及
趕快,赶快
趕時間,赶时间
趙子龍,赵子龙
趙樹海,赵树海
趙爽,赵爽
足球場,足球场
足跡,足迹
跌打損傷,跌打损伤
跑車,跑车
距離,距离
跟隨,跟随
路上行人撐傘行走,路上行人撑伞行走
路不拾遺,路不拾遗
路標,路标
路燈,路灯
路癡,路痴
路線,路线
路過,路过
路邊攤,路边摊
跳動,跳动
跳樓,跳楼
跳繩,跳绳
跳起來,跳起来
跳躍,跳跃
踉蹌,踉跄
踏實,踏实
踐踏,践踏
蹦噠,蹦哒
身份證,身份证
身心障礙,身心障碍
身邊人,身边人
身體,身体
身體不好,身体不好
身體健康,身体健康
身體預警機制,身体预警机制
躲貓貓,躲猫猫
車,车
車子,车子
車座,车座
車流,车流
車燈,车灯
車牌號,车牌号
車票,车票
車禍,车祸
車程,车程
車站,车站
車輛,车辆
車輪,车轮
車速,车速
車陣,车阵
軌道,轨道
軍,军
軍事,军事
軍事要塞,军事要塞
軍事電影,军事电影
軍人,军人
軍師,军师
軍校,军校
軍火,军火
軍艦,军舰
軍隊,军队
軚盤,軚盘
軟,软
軟件,软件
軟綿綿的,软绵绵的
軟體,软体
軸心國,轴心国
較量,较量
輔導員,辅导员
輔音,辅音
輕,轻
輕小說,轻小说
輕忽,轻忽
輕撫,轻抚
輕蔑,轻蔑
輕重,轻重
輕飄飄,轻飘飘
輕鬆,轻松
輩分,辈分
輪子,轮子
輪廓,轮廓
輪椅,轮椅
輪胎,轮胎
輪船,轮船
輪迴,轮回
輪迴劫,轮回劫
輸,输
輸出,输出
輸液,输液
輸血,输血
輸贏,输赢
輻射,辐射
輻射4,辐射4
輿論導向,舆论导向
轉,转
轉圈圈,转圈圈
轉折,转折
轉折詞,转折词
轉換,转换
轉機,转机
轉發,转发
轉譯,转译
轉錄,转录
轉頭,转头
轟隆,轰隆
辦,办
辦公室,办公室
辦公室政治,办公室政治
辦公桌,办公桌
辨識,辨识
辯方,辩方
辯論,辩论
辯論比賽,辩论比赛
農作物,农作物
農夫,农夫
農村,农村
農業,农业
農民,农民
農產品,农产品
農田,农田
農藥,农药
迦爾納,迦尔纳
迴圈,回圈
迴紋針,回纹针
迴避,回避
迷亂,迷乱
迷團,迷团
迷戀,迷恋
迷離,迷离
迷霧,迷雾
迸發,迸发
追殺,追杀
追趕,追赶
追隨,追随
送石頭,送石头
送禮,送礼
逃學,逃学
逃稅,逃税
逃離,逃离
逃難,逃难
逍遙,逍遥
透徹,透彻
逗號,逗号
這一天是母親給我的,这一天是母亲给我的
這個,这个
這帖禁止水,这帖禁止水
這樣,这样
這裡,这里
這邊,这边
通用電氣,通用电气
通緝令,通缉令
通訊,通讯
通過,通过
通關,通关
通順,通顺
通風報信,通风报信
逞強,逞强
連接,连接
連篇,连篇
連結,连结
連繫,连系
連花菜,连花菜
連長,连长
週二,周二
週期,周期
週期性,周期性
進京趕考,进京赶考
進制,进制
進化,进化
進升,进升
進去,进去
進步,进步
進行,进行
進行曲,进行曲
進退兩難,进退两难
進門,进门
逼良為娼,逼良为娼
遇見,遇见
遊子,游子
遊戲,游戏
遊樂園,游乐园
遊樂場,游乐场
遊玩,游玩
遊行,游行
運,运
運動,运动
運動員,运动员
運氣,运气
運氣差,运气差
運用,运用
運費,运费
運輸,运输
過㓉,过㓉
過世,过世
過來,过来
過分,过分
過去,过去
過境,过境
過失,过失
過山車,过山车
過年,过年
過度,过度
過往,过往
過敏,过敏
過時,过时
過期,过期
過氣,过气
過江,过江
過程,过程
過節,过节
過關,过关
過馬路,过马路
道德倫理,道德伦理
道賀,道贺
達到,达到
達成,达成
達文西,达文西
達標,达标
達芬奇,达芬奇
違反,违反
遠,远
遠傳,远传
遠古,远古
遠行,远行
遠離,远离
適合,适合
遮陽,遮阳
遲到,迟到
遵紀守法,遵纪守法
遷就,迁就
遷徙,迁徙
選手,选手
選拔,选拔
選擇,选择
選擇題,选择题
選美,选美
選舉,选举
選舉人,选举人
遺失,遗失
遺失物,遗失物
遺照,遗照
遺產,遗产
遺跡,遗迹
遼遠,辽远
避讓,避让
避開,避开
邀約,邀约
邀請,邀请
還,还
還有,还有
還未完,还未完
還款,还款
還活天空,还活天空
還行,还行
還錢,还钱
還願,还愿
邊緣,边缘
邊緣人,边缘人
邏輯,逻辑
那兒,那儿
那裡,那里
那邊,那边
邪惡,邪恶
郊遊,郊游
部長,部长
部門,部门
部隊,部队
郭麗婷,郭丽婷
郵件,邮件
郵局,邮局
郵差,邮差
郵資,邮资
都是孤獨的,都是孤独的
鄉下,乡下
鄉愁,乡愁
鄉村,乡村
鄉郊,乡郊
鄉里,乡里
鄙視,鄙视
鄭州,郑州
鄭重,郑重
鄰,邻
鄰國,邻国
鄰居,邻居
酒店業,酒店业
酒後,酒后
酒釀丸子,酒酿丸子
醃製食品,腌制食品
醉後大丈夫,醉后大丈夫
醉漢,醉汉
醉雞,醉鸡
醜,丑
醜小鴨,丑小鸭
醜陋,丑陋
醫,医
醫學,医学
醫生,医生
醫療,医疗
醫療事故,医疗事故
醫護,医护
醫護人員,医护人员
醫院,医院
醬油,酱油
醬缸,酱缸
釀製,酿制
釋放,释放
釋迦,释迦
重慶森林,重庆森林
重複,重复
重視,重视
重質不重量,重质不重量
重點,重点
野獸,野兽
野生動物,野生动物
野蜂飛舞,野蜂飞舞
野蠻,野蛮
野豬,野猪
量詞,量词
釐清,厘清
金光閃閃,金光闪闪
金剛,金刚
金屬,金属
金屬物,金属物
金屬的藍白色,金属的蓝白色
金屬盔甲和武器,金属盔甲和武器
金幣,金币
金條,金条
金獎,金奖
金起範,金起范
金邊眼睛,金边眼睛
金銀財寶,金银财宝
金錢,金钱
金錢觀,金钱观
金髮,金发
金魚,金鱼
金黃,金黄
金黃色,金黄色
金龜子,金龟子
針孔,针孔
針灸,针灸
針頭,针头
釣魚,钓鱼
鈍い,钝い
鈔票,钞票
鈕,钮
鈣,钙
鈴聲,铃声
鉗制,钳制
鉗子,钳子
鉗鍋,钳锅
鉛筆,铅笔
銀,银
銀包,银包
銀器,银器
銀幕,银幕
銀河,银河
銀色,银色
銀行,银行
銀行家,银行家
銅,铜
銅錢,铜钱
銘記,铭记
銳利,锐利
銷售員,销售员
鋒利,锋利
鋼七連,钢七连
鋼梁,钢梁
鋼琴,钢琴
鋼筆,钢笔
鋼筋,钢筋
鋼鐵,钢铁
錄取工作/大學,录取工作/大学
錄音機,录音机
錐子,锥子
錘子,锤子
錢,钱
錢幣,钱币
錢滾錢,钱滚钱
錢財,钱财
錢鐘書,钱钟书
錯,错
錯了,错了
錯覺,错觉
錯誤,错误
錯過,错过
鍋子,锅子
鍛煉,锻炼
鍛造,锻造
鍛鍊,锻炼
鍵盤,键盘
鍵盤下,键盘下
鎖,锁
鎖匙,锁匙
鎖子甲,锁子甲
鎖時扣,锁时扣
鎖片,锁片
鎖鏈,锁链
鎖鑰,锁钥
鎮壓,镇压
鎮定,镇定
鎮定劑,镇定剂
鎮暴,镇暴
鎮江,镇江
鎳,镍
鏈接,链接
鏟屎官,铲屎官
鏡子,镜子
鏡片,镜片
鏡面,镜面
鏡頭,镜头
鏢局,镖局
鐘,钟
鐘聲,钟声
鐵,铁
鐵匠,铁匠
鐵塔,铁塔
鐵拐李,铁拐李
鐵板燒,铁板烧
鐵球,铁球
鐵的,铁的
鐵絲網,铁丝网
鐵罐,铁罐
鐵製,铁制
鐵路,铁路
鐵銹,铁锈
鐵鍋,铁锅
鐵鍬,铁锹
鐵鎚,铁锤
鐵鏽,铁锈
鐵飯碗養老金,铁饭碗养老金
鐵齒銅牙紀曉嵐,铁齿铜牙纪晓岚
鑄造,铸造
鑑別,鉴别
鑽洞,钻洞
鑽石,钻石
铁柵,铁栅
長,长
長久,长久
長命百歲,长命百岁
長城,长城
長壽,长寿
長壽麵,长寿面
長大,长大
長大成人,长大成人
長安,长安
長安居,长安居
長官,长官
長島冰茶,长岛冰茶
長得像蘆葦,长得像芦苇
長擘,长擘
長方形,长方形
長方體,长方体
長時間,长时间
長椅,长椅
長槍,长枪
長江,长江
長沙,长沙
長沙王,长沙王
長痘,长痘
長相,长相
長老,长老
長者,长者
長胖,长胖
長袍,长袍
長袖,长袖
長裙,长裙
長褲,长裤
長襪,长袜
長輩,长辈
長途跋涉,长途跋涉
長遠,长远
長頸鹿,长颈鹿
長髮,长发
門,门
門口,门口
門可羅雀,门可罗雀
門檻,门槛
門派,门派
門第觀念,门第观念
門關,门关
閃,闪
閃亮,闪亮
閃光燈,闪光灯
閃現,闪现
閃耀,闪耀
閃過了,闪过了
閃閃發亮,闪闪发亮
閃閃發光,闪闪发光
閃開,闪开
閃電,闪电
閃靈,闪灵
閉上眼睛,闭上眼睛
閉塞,闭塞
開,开
開口,开口
開天,开天
開始,开始
開屏,开屏
開工,开工
開店,开店
開心,开心
開會,开会
開朗,开朗
開水,开水
開玩笑,开玩笑
開端,开端
開罐器,开罐器
開車,开车
開銷,开销
開闊,开阔
開關,开关
閒話,闲话
閒逛,闲逛
間諜,间谍
間隔,间隔
閘門,闸门
閨蜜,闺蜜
閱歷,阅历
閱覽,阅览
閱讀,阅读
闊氣,阔气
闖入,闯入
關上,关上
關係,关系
關係好,关系好
關卡,关卡
關島,关岛
關愛,关爱
關懷,关怀
關杰尼,关杰尼
關節,关节
關鍵,关键
防務,防务
防禦,防御
阻擋,阻挡
阻礙,阻碍
阻礙進步,阻碍进步
阿基米德裸奔的罪魁禍首,阿基米德裸奔的罪魁祸首
阿姆斯狀,阿姆斯状
阿斯蘭,阿斯兰
阿爾托莉雅,阿尔托莉雅
降落傘,降落伞
陣間,阵间
陰,阴
陰天,阴天
陰影,阴影
陰暗,阴暗
陰濕,阴湿
陰謀,阴谋
陰險,阴险
陳奕迅,陈奕迅
陳彥伶,陈彦伶
陳述,陈述
陳麗宣,陈丽宣
陶淵明,陶渊明
陸羽,陆羽
陸貞,陆贞
陽光,阳光
陽剛,阳刚
隊伍,队伍
隊友,队友
階級,阶级
隔開,隔开
隔離,隔离
隕石,陨石
障礙,障碍
隨便,随便
隨和,随和
隨機,随机
險惡,险恶
險隘,险隘
隱匿者,隐匿者
隱喻,隐喻
隱士,隐士
隱忍,隐忍
隱瞞,隐瞒
隱蔽,隐蔽
隱藏,隐藏
隱諱說出,隐讳说出
难捱,难挨
雀躍,雀跃
雄偉,雄伟
雄壯,雄壮
雄心壯志,雄心壮志
雅樂,雅乐
集團,集团
集會,集会
集體,集体
雖小五臟俱全,虽小五脏俱全
雙人舞,双人舞
雙引號,双引号
雙截棍,双截棍
雙手,双手
雙打,双打
雙方,双方
雙標,双标
雙簧管,双簧管
雙義詞,双义词
雙贏,双赢
雙面膠,双面胶
雜務,杂务
雜毛,杂毛
雜種狗,杂种狗
雜耍,杂耍
雜誌,杂志
雜誌封面,杂志封面
雜食,杂食
雞,鸡
雞仔,鸡仔
雞塊,鸡块
雞尾酒,鸡尾酒
雞扒,鸡扒
雞湯,鸡汤
雞皮,鸡皮
雞肉串,鸡肉串
雞肋,鸡肋
雞肶,鸡肶
雞胸肉,鸡胸肉
雞蛋,鸡蛋
雞雞,鸡鸡
雞飛狗跳,鸡飞狗跳
雞鳴,鸡鸣
離れる,离れる
離人,离人
離別,离别
離去,离去
離奇,离奇
離婚,离婚
離家,离家
離我很近,离我很近
離開,离开
離開鳥籠,离开鸟笼
離間,离间
難,难
難以捉摸,难以捉摸
難以猜度,难以猜度
難以界定,难以界定
難以自抑,难以自抑
難入,难入
難受,难受
難吃,难吃
難度,难度
難忘,难忘
難掃,难扫
難搞,难搞
難改,难改
難料,难料
難民,难民
難當,难当
難耐,难耐
難解,难解
難過,难过
難關,难关
難題,难题
雨傘,雨伞
雨濛,雨蒙
雨濛濛,雨蒙蒙
雲,云
雲吞,云吞
雲圖,云图
雷射筆,雷射笔
電,电
電信,电信
電冰箱,电冰箱
電咶,电咶
電單車,电单车
電器,电器
電塔,电塔
電子,电子
電子設備,电子设备
電影,电影
電影探險,电影探险
電影系列,电影系列
電影院,电影院
電梯,电梯
電気,电気
電波,电波
電焊,电焊
電玩,电玩
電磁,电磁
電競,电竞
電筒,电筒
電線,电线
電線杆,电线杆
電腦,电脑
電視,电视
電視劇,电视剧
電視台,电视台
電視機,电视机
電訪,电访
電話,电话
電車,电车
電量,电量
電離層,电离层
電風扇,电风扇
電飯煲,电饭煲
需要幫助,需要帮助
震動,震动
震驚,震惊
霓虹燈,霓虹灯
霧,雾
霧化,雾化
霧氣,雾气
霧霾,雾霾
霧靄,雾霭
露營,露营
露點,露点
霸氣,霸气
靈,灵
靈光,灵光
靈光一閃,灵光一闪
靈巧,灵巧
靈異,灵异
靈異故事,灵异故事
靈長,灵长
靈長類,灵长类
靈魂,灵魂
青山綠水,青山绿水
青澀,青涩
青行燈,青行灯
靚,靓
靚仔,靓仔
靛藍,靛蓝
靛雨風蓮,靛雨风莲
靜,静
靜候,静候
靜寂,静寂
靜止,静止
靜脈,静脉
靜電,静电
面對,面对
面積,面积
面積人口,面积人口
面試,面试
面額,面额
鞋櫃,鞋柜
鞠躬盡瘁,鞠躬尽瘁
鞦韆,秋千
韓國,韩国
韓星,韩星
音樂,音乐
音樂书,音乐书
音樂家,音乐家
音樂廳,音乐厅
音樂盒,音乐盒
音樂细胞,音乐细胞
音樂音符,音乐音符
音韻學,音韵学
音響,音响
音響因子,音响因子
響,响
響亮,响亮
頂尖,顶尖
頂樓,顶楼
頂端,顶端
頂部,顶部
頃刻,顷刻
項鍊,项链
順,顺
順利,顺利
順眼,顺眼
順豐,顺丰
順風,顺风
預付,预付
預定,预定
預想,预想
預習,预习
預言,预言
預防,预防
頑固,顽固
頑張れ,顽张れ
頑皮,顽皮
頓時,顿时
領主,领主
領土,领土
領導,领导
領導人,领导人
領帶,领带
領航,领航
領隊,领队
領養,领养
頭,头
頭七,头七
頭先,头先
頭大,头大
頭疼,头疼
頭痛,头痛
頭盔,头盔
頭緒,头绪
頭腦,头脑
頭頂,头顶
頭頭,头头
頭骨,头骨
頭髮,头发
頸椎痛,颈椎痛
頸鏈,颈链
頻果,频果
頻率,频率
顆粒,颗粒
額外的,额外的
額外索支,额外索支
額頭,额头
顏值,颜值
顏料,颜料
顏色,颜色
顏藝,颜艺
願意,愿意
願望,愿望
顛覆,颠覆
顧客,顾客
顯微鏡,显微镜
顯眼,显眼
顯示屏,显示屏
顯露,显露
顴骨,颧骨
風,风
風之谷,风之谷
風光,风光
風力發電,风力发电
風味,风味
風土民情,风土民情
風度,风度
風情,风情
風扇,风扇
風景,风景
風景宜人,风景宜人
風暴,风暴
風月,风月
風格,风格
風氣,风气
風水,风水
風流,风流
風潮,风潮
風琴,风琴
風衣,风衣
風車,风车
風險,风险
風雅,风雅
風雨,风雨
風雨來臨,风雨来临
颱風,台风
飄,飘
飄零,飘零
飛,飞
飛刀,飞刀
飛天,飞天
飛天遁地,飞天遁地
飛揚,飞扬
飛機,飞机
飛機起跑聲,飞机起跑声
飛碟,飞碟
飛禽,飞禽
飛翔,飞翔
飛行,飞行
飛行員,飞行员
飛霜,飞霜
飛鴿,飞鸽
飛鴿傳書,飞鸽传书
食物夾,食物夹
食物鏈,食物链
食藥,食药
食譜,食谱
食髮鬼,食发鬼
飢,饥
飢餓,饥饿
飯,饭
飯圈,饭圈
飯堂,饭堂
飯店,饭店
飯桌,饭桌
飯碗,饭碗
飯糰,饭团
飯菜,饭菜
飯鍋,饭锅
飲料,饮料
飲料店,饮料店
飲茶,饮茶
飲酒,饮酒
飲食習慣,饮食习惯
飽腹,饱腹
飾品,饰品
飾物,饰物
餃子,饺子
餅,饼
餅乾,饼干
養,养
養家,养家
養育,养育
養育之人,养育之人
餐廳,餐厅
餐車,餐车
餐飲,餐饮
餐飲管理,餐饮管理
餐館,餐馆
餐點,餐点
餓,饿
餓了,饿了
餵養,喂养
饅頭,馒头
饞,馋
首飾,首饰
香檳,香槟
香氣,香气
香港劏房,香港㓥房
香港電影,香港电影
香煙,香烟
香腸,香肠
香鍋,香锅
香雲（紗）,香云（纱）
馬,马
馬上,马上
馬不停蹄,马不停蹄
馬克思,马克思
馬匹,马匹
馬卡龍,马卡龙
馬戲團,马戏团
馬桶,马桶
馬虎,马虎
馬路,马路
馬車,马车
馬達,马达
馬鈴薯,马铃薯
馬駒,马驹
馬鹿,马鹿
馬齒徒長,马齿徒长
馬龍,马龙
駕照,驾照
駕車,驾车
駕駛,驾驶
駕駛執照,驾驶执照
駙馬,驸马
駡人,骂人
駱駝,骆驼
駿馬,骏马
騎,骑
騎士,骑士
騎師,骑师
騎行,骑行
騎車,骑车
騎騾找馬,骑骡找马
騙,骗
騙人,骗人
騙子,骗子
騙錢,骗钱
騰訊,腾讯
騷擾,骚扰
驕傲,骄傲
驚呼,惊呼
驚嘆號,惊叹号
驚嚇,惊吓
驚心動魄,惊心动魄
驚恐,惊恐
驚慌失措,惊慌失措
驚茶,惊茶
驚覺,惊觉
驚訝,惊讶
驟雨,骤雨
驢,驴
驢子,驴子
马逸譞,马逸
马逸譞爸爸,马逸爸爸
骨氣,骨气
骨質疏鬆,骨质疏松
骨頭,骨头
骯髒,肮脏
骷髏,骷髅
骷髏人,骷髅人
髒,脏
髒亂,脏乱
髒亂差,脏乱差
髒污,脏污
髒話,脏话
體力,体力
體味,体味
體型,体型
體態,体态
體溫,体温
體積,体积
體育,体育
體育館,体育馆
體能,体能
體貼,体贴
體適能,体适能
體重,体重
體面,体面
體香,体香
體驗,体验
高中二年級,高中二年级
高利貸,高利贷
高圓圓,高圆圆
高層,高层
高樓大廈,高楼大厦
高溫,高温
高漲,高涨
高爾基,高尔基
高爾夫,高尔夫
高禮帽,高礼帽
高空彈跳,高空弹跳
高級,高级
高考沒加分,高考没加分
高考題,高考题
高興,高兴
高談闊論,高谈阔论
高貴,高贵
高達,高达
高達SD,高达SD
高鐵,高铁
高飽和度,高饱和度
高麗菜,高丽菜
髮型屋,发型屋
髮夾,发夹
髮小,发小
髮絲,发丝
髮色,发色
鬆口氣,松口气
鬆土,松土
鬆身褲,松身裤
鬆軟,松软
鬍子,胡子
鬥,斗
鬥地主,斗地主
鬥毆,斗殴
鬥氣,斗气
鬧哄哄,闹哄哄
鬧鐘,闹钟
鬧騰,闹腾
鬱悶,郁闷
鬱金,郁金
鬱鬱,郁郁
鬼女紅葉,鬼女红叶
鬼臉,鬼脸
鬼話連篇,鬼话连篇
魏晉,魏晋
魔獸世界,魔兽世界
魔羅,魔罗
魔術,魔术
魚,鱼
魚乾,鱼干
魚池,鱼池
魚缸,鱼缸
魚群,鱼群
魚腥味,鱼腥味
魚船,鱼船
魚蛋,鱼蛋
魚雷,鱼雷
魚餌,鱼饵
魚香茄子,鱼香茄子
魯夫,鲁夫
魯智深,鲁智深
魯莽,鲁莽
魯蛇,鲁蛇
魯迅,鲁迅
鮑魚,鲍鱼
鮟鱇鱼,鱼
鮭魚,鲑鱼
鮮味,鲜味
鮮明,鲜明
鮮血,鲜血
鯉魚,鲤鱼
鯉魚旗,鲤鱼旗
鯉魚王,鲤鱼王
鯊魚,鲨鱼
鯛魚,鲷鱼
鯨魚,鲸鱼
鯽魚湯,鲫鱼汤
鱈魚,鳕鱼
鱉,鳖
鳥,鸟
鳥叫,鸟叫
鳥嘴面具,鸟嘴面具
鳥類,鸟类
鳩叫,鸠叫
鳳凰,凤凰
鳳凰傳奇,凤凰传奇
鳳梨,凤梨
鳴叫,鸣叫
鴉片,鸦片
鴉片戰爭,鸦片战争
鴨嘴獸,鸭嘴兽
鴨子,鸭子
鴨肉,鸭肉
鴨舌帽,鸭舌帽
鴿子,鸽子
鵝,鹅
鵝卵石,鹅卵石
鵝黃,鹅黄
鶴,鹤
鶴雲,鹤云
鷹架,鹰架
鷹眼,鹰眼
鷺鷥,鹭鸶
鹹,咸
鹹味,咸味
鹹魚,咸鱼
鹽湖,盐湖
鹽燒,盐烧
麥,麦
麥克風,麦克风
麥可,麦可
麥當勞,麦当劳
麵,面
麵包,面包
麵條,面条
麵疙瘩,面疙瘩
麵粉,面粉
麵食,面食
麵館,面馆
麻將,麻将
麻煩,麻烦
麻煩人,麻烦人
黃,黄
黃土高坡,黄土高坡
黃大蒜,黄大蒜
黃岐,黄岐
黃帝,黄帝
黃昏,黄昏
黃沙,黄沙
黃河,黄河
黃片,黄片
黃牛黨,黄牛党
黃瓜,黄瓜
黃種人,黄种人
黃綠大夫,黄绿大夫
黃網,黄网
黃色,黄色
黃葉,黄叶
黃蓋,黄盖
黃衣,黄衣
黃連,黄连
黃金,黄金
黃銅,黄铜
黑客帝國,黑客帝国
黑幫,黑帮
黑暗中對話,黑暗中对话
黑無毛！,黑无毛！
黑白琴鍵,黑白琴键
黑社會,黑社会
黑種人,黑种人
黑箱作業,黑箱作业
黑紅,黑红
黑絲襪,黑丝袜
黑貓,黑猫
黑髮,黑发
黑龍江,黑龙江
默守成規,默守成规
默寫,默写
點亮,点亮
點子,点子
點心,点心
點水,点水
點火,点火
點菜,点菜
點鈔機,点钞机
點點,点点
黨,党
黨派,党派
鼓勵,鼓励
鼓浪嶼,鼓浪屿
鼠類,鼠类
齒孔,齿孔
齒輪,齿轮
齜牙咧嘴,龇牙咧嘴
齷齪,龌龊
龍,龙
龍井,龙井
龍捲風,龙卷风
龍椅,龙椅
龐大,庞大
龜孫,龟孙
龜毛,龟毛
龜裂,龟裂
